city_rank,city,state,neighborhood,notes
1,New York,NY,East Village,"Eclectic, value-to-fine-dining mix with renowned omakase, izakayas, wine bars, and indie bakeries packed into walkable blocks."
1,New York,NY,Fort Greene,"Gentrified brownstone Brooklyn neighborhood with destination restaurants, butcher shops, cheesemongers, and the Brooklyn Flea food scene."
1,New York,NY,Greenpoint,"Up-and-coming north Brooklyn corridor known for buzzy new restaurants, Polish butchers and bakeries, and a fast-growing wine-bar scene."
1,New York,NY,Lower East Side,"Late-night dining and cocktail-bar epicenter with cult restaurants, natural-wine bars, delis, and specialty food spots."
1,New York,NY,West Village,"Dense cluster of destination restaurants, natural-wine bars, and specialty shops along charming low-rise streets that anchor Manhattan's fine-dining scene."
1,New York,NY,Williamsburg,"Brooklyn's flagship trendy district packed with acclaimed restaurants, craft cocktail bars, third-wave coffee, bakeries, and natural-wine shops."
2,Los Angeles,CA,Arts District,"Industrial-chic downtown enclave of destination restaurants, breweries, roasteries, and high-end bakeries."
2,Los Angeles,CA,Echo Park,"Trendy eastside pocket with hip restaurants, taco spots, cocktail bars, and a growing natural-wine and coffee scene."
2,Los Angeles,CA,Highland Park,"Gentrifying NELA district along York and Figueroa with buzzy new restaurants, cocktail bars, and indie food shops."
2,Los Angeles,CA,Silver Lake,"Hipster eastside hub of chef-driven restaurants, natural-wine bars, specialty coffee, and artisan bakeries."
2,Los Angeles,CA,Venice,"Coastal Abbot Kinney scene mixing acclaimed restaurants, natural-wine bars, juice and health-food spots, and specialty grocers."
2,Los Angeles,CA,West Hollywood,"Upscale dining and nightlife corridor dense with celebrity-chef restaurants, cocktail lounges, and wine bars."
3,Chicago,IL,Avondale,"Up-and-coming neighborhood beside Logan Square drawing buzzy new restaurants, bakeries, and neighborhood wine bars."
3,Chicago,IL,Logan Square,"Trendiest neighborhood for chef-driven restaurants, craft cocktail bars, natural wine, and artisan bakeries."
3,Chicago,IL,Pilsen,"Gentrifying Latino arts district known for taquerias, bakeries, and an emerging wave of acclaimed restaurants and bars."
3,Chicago,IL,West Loop,"Restaurant Row on Randolph Street is Chicago's premier fine-dining corridor, plus butchers, bakeries, and cocktail bars."
3,Chicago,IL,Wicker Park,"Hip dining-and-nightlife hub with notable restaurants, bars, third-wave coffee, and specialty food shops."
4,Houston,TX,EaDo (East Downtown),"Up-and-coming warehouse district with breweries, buzzy restaurants, and a growing bar and food-hall scene."
4,Houston,TX,Montrose,"Houston's bohemian dining heart with destination restaurants, cocktail bars, wine bars, and specialty food shops."
4,Houston,TX,Rice Village,"Walkable upscale shopping-and-dining district with notable restaurants, wine shops, and bakeries near Rice University."
4,Houston,TX,The Heights,"Gentrified historic district packed with trendy restaurants, breweries, bakeries, and butcher and specialty grocers."
4,Houston,TX,Washington Avenue Corridor,"Nightlife-and-dining strip lined with bars, restaurants, and craft-beer spots."
5,Phoenix,AZ,Arcadia,"Upscale neighborhood known for destination restaurants, wine bars, and specialty grocers along the Camelback corridor."
5,Phoenix,AZ,Melrose District (7th Avenue),"Eclectic, walkable strip with indie restaurants, coffee shops, cocktail bars, and an emerging food scene."
5,Phoenix,AZ,Roosevelt Row,"Downtown arts district and Phoenix's trendiest food corridor with chef-driven restaurants, craft bars, breweries, and bakeries."
5,Phoenix,AZ,Uptown / Central Avenue,"Midtown corridor with acclaimed restaurants, wine bars, and bakeries clustered around the light-rail spine."
6,Philadelphia,PA,East Passyunk,"A walkable South Philly corridor dense with acclaimed independent restaurants, wine bars, and Italian-market-adjacent specialty food."
6,Philadelphia,PA,Fishtown,"The epicenter of Philly's modern dining and bar scene, packed with destination restaurants, natural-wine bars, craft bakeries, and indie coffee."
6,Philadelphia,PA,Italian Market / Bella Vista,"Historic open-air market anchoring butchers, cheesemongers, bakeries, and a wave of new independent restaurants."
6,Philadelphia,PA,Northern Liberties,"A revitalized post-industrial district with breweries, gastropubs, and trendy restaurants drawing a young crowd."
6,Philadelphia,PA,Rittenhouse Square,"Center City's upscale dining hub with fine-dining destinations, cocktail bars, and high-end cheese and wine retail."
6,Philadelphia,PA,South Philly (Point Breeze),"A gentrifying pocket gaining buzzy new restaurants, BYOBs, and craft cocktail spots."
7,San Antonio,TX,Deco District (Fredericksburg Road),"An up-and-coming stretch with taquerias, craft coffee, and independent eateries in a historic Art Deco setting."
7,San Antonio,TX,Olmos Park / Alta Vista,A leafy near-north pocket with notable neighborhood restaurants and bistros.
7,San Antonio,TX,Pearl District,"A redeveloped brewery campus that is the city's premier culinary destination, with a farmers market, Culinary Institute, and top restaurants and bars."
7,San Antonio,TX,Southtown / King William,"San Antonio's hippest historic district, home to acclaimed independent restaurants, cocktail bars, and bakeries along South Alamo."
7,San Antonio,TX,St. Mary's Strip,"The Tobin Hill nightlife corridor lined with indie bars, music venues, and a growing food scene."
8,San Diego,CA,Barrio Logan,"A Chicano-arts district turned dining hotspot with acclaimed Mexican kitchens, breweries, and coffee roasters."
8,San Diego,CA,Hillcrest / University Heights,"A diverse, lively corridor with independent restaurants, a strong cocktail and bar scene, and ethnic eateries."
8,San Diego,CA,La Jolla,"Coastal upscale enclave with fine-dining destinations, seafood spots, and high-end wine and cheese retail."
8,San Diego,CA,Little Italy,"A bustling downtown-adjacent district with a celebrated weekly farmers market, top restaurants, wine bars, and Italian specialty food."
8,San Diego,CA,North Park,"San Diego's trendiest food-and-drink neighborhood, dense with craft breweries, indie restaurants, cocktail bars, and bakeries."
8,San Diego,CA,South Park,"A small, walkable enclave next to North Park with intimate restaurants, wine bars, and neighborhood bakeries."
9,Dallas,TX,Bishop Arts District,"Oak Cliff's walkable hub of independent restaurants, wine bars, craft bakeries, and indie shops."
9,Dallas,TX,Deep Ellum,"A gritty arts-and-music district packed with bars, breweries, and buzzy independent eateries."
9,Dallas,TX,Knox-Henderson,"An upscale corridor with destination restaurants, wine and cheese shops, and chef-driven concepts."
9,Dallas,TX,Lower Greenville,"A revitalized strip of acclaimed restaurants, cocktail bars, and neighborhood favorites."
9,Dallas,TX,Trinity Groves / West Dallas,A development-driven dining incubator across the Margaret Hunt Hill Bridge with rotating restaurant concepts and breweries.
9,Dallas,TX,Uptown,"A dense, affluent district with cocktail bars, steakhouses, and high-end independent restaurants."
10,Jacksonville,FL,Atlantic Beach / Neptune Beach,"Beachside towns with notable independent restaurants, seafood, craft bars, and a relaxed dining scene."
10,Jacksonville,FL,Avondale / San Marco,"Historic walkable districts with upscale neighborhood restaurants, wine bars, and specialty food shops."
10,Jacksonville,FL,Downtown / Brooklyn,"The reviving urban core with newer restaurants, breweries, and a riverfront dining cluster."
10,Jacksonville,FL,Five Points / Riverside,"Jacksonville's bohemian core with independent restaurants, craft bars, coffee roasters, and bakeries."
10,Jacksonville,FL,Springfield,"A gentrifying historic district drawing new breweries, indie restaurants, and craft food businesses."
11,Austin,TX,Burnet Road / Crestview,"Up-and-coming north-central corridor with a growing density of breweries, taquerias, bakeries, and chef-driven restaurants."
11,Austin,TX,East Austin (East Cesar Chavez / Holly),"The epicenter of Austin's independent dining and bar scene, packed with destination restaurants, craft cocktail bars, natural wine spots, and trailer-park-turned-brick-and-mortar concepts."
11,Austin,TX,North Loop / Hyde Park,"Laid-back, locals-favorite pocket of indie cafes, bakeries, vintage spots, and neighborhood restaurants north of UT."
11,Austin,TX,Rainey Street,"Cluster of converted bungalow bars, cocktail dens, and food trucks that anchors Austin's downtown nightlife and drinking scene."
11,Austin,TX,South Congress (SoCo),"Iconic walkable corridor mixing buzzy restaurants, bakeries, and bars with boutique retail and hotel dining."
11,Austin,TX,South Lamar / Zilker,"Home to acclaimed restaurants, wine bars, and breweries plus the original Austin food-truck culture along a dense dining strip."
12,Fort Worth,TX,Camp Bowie / Foch Street,Emerging dining and brewery pocket with chef-driven restaurants and craft beverage spots west of downtown.
12,Fort Worth,TX,Magnolia Avenue (Near Southside),"Fort Worth's hippest dining strip, dense with independent restaurants, craft cocktail bars, breweries, and bakeries."
12,Fort Worth,TX,Stockyards,"Historic district known for Texas steakhouses, BBQ, saloons, and Western-themed bars drawing locals and tourists alike."
12,Fort Worth,TX,Sundance Square (Downtown),"Revitalized downtown core with restaurants, steakhouses, and bars centered on a pedestrian plaza."
12,Fort Worth,TX,West 7th / Cultural District,"Walkable entertainment and dining district anchoring upscale restaurants, bars, and nightlife near the museums."
13,San Jose,CA,Downtown San Jose / SoFA District,"Urban core and arts district with independent restaurants, cocktail bars, breweries, and a growing chef-driven dining scene."
13,San Jose,CA,Japantown,"One of America's last historic Japantowns, dense with Japanese restaurants, ramen shops, bakeries, and specialty grocers."
13,San Jose,CA,Santana Row,"Upscale mixed-use district with destination restaurants, wine bars, and specialty food retail."
13,San Jose,CA,The Alameda,"Up-and-coming corridor between downtown and the Rose Garden with independent eateries, cafes, and bars."
13,San Jose,CA,Willow Glen,"Charming walkable neighborhood with indie restaurants, wine bars, bakeries, and cafes along Lincoln Avenue."
14,Columbus,OH,Clintonville,"Laid-back northside neighborhood with indie restaurants, butchers, bakeries, and a strong farmers-market and natural-foods culture."
14,Columbus,OH,Franklinton (East Franklinton),"Emerging arts-and-food district west of downtown with breweries, food halls, and creative restaurant concepts."
14,Columbus,OH,German Village,"Historic brick neighborhood with destination restaurants, bakeries, beer halls, and the landmark Book Loft."
14,Columbus,OH,Grandview Heights,"Walkable suburb-adjacent strip with independent restaurants, bars, bakeries, and specialty grocers along Grandview Avenue."
14,Columbus,OH,Italian Village / Fifth by Northwest,"Rapidly gentrifying area with breweries, chef-driven restaurants, coffee roasters, and craft food makers."
14,Columbus,OH,Short North Arts District,"Columbus's flagship dining and nightlife corridor, lined with acclaimed restaurants, cocktail bars, wine shops, and galleries."
15,Charlotte,NC,Dilworth / Uptown,"Established corridors offering upscale destination restaurants, wine bars, and cocktail lounges near the center city."
15,Charlotte,NC,NoDa (North Davidson),"Arts-and-brewery district known for craft breweries, music venues, and a growing roster of independent restaurants."
15,Charlotte,NC,Optimist Park / Belmont,Up-and-coming pocket anchored by Optimist Hall food hall plus new breweries and independent restaurants.
15,Charlotte,NC,Plaza Midwood,"Charlotte's most eclectic food-and-drink district, dense with indie restaurants, dive and craft bars, breweries, and bakeries."
15,Charlotte,NC,South End,"Fast-growing light-rail corridor packed with breweries, food halls, chef-driven restaurants, and trendy bars."
16,Indianapolis,IN,Broad Ripple,"Long-running nightlife and dining village with eclectic independent eateries, bars, and weekend farmers market energy."
16,Indianapolis,IN,Fletcher Place / Fletcher Pl-Holy Cross,Dense pocket of buzzy chef-driven spots like Milktooth and Bluebeard plus bakeries and natural-wine bars.
16,Indianapolis,IN,Fountain Square,"Hip, gentrifying district known for indie restaurants, craft breweries, dive-y cocktail bars, and a strong music scene."
16,Indianapolis,IN,Garfield Park / Garfield Park-Bean Creek,"Up-and-coming south-side neighborhood drawing new independent restaurants, breweries, and a revitalized commercial strip."
16,Indianapolis,IN,Mass Ave (Massachusetts Avenue),"Indy's flagship walkable arts-and-dining corridor with acclaimed independent restaurants, cocktail bars, and Bluebeard-anchored chef culture."
17,San Francisco,CA,H. Valencia Corridor / Valencia Street,"Mission's restaurant-and-bar spine lined with award-winning kitchens, cocktail bars, bakeries, and wine shops."
17,San Francisco,CA,Hayes Valley,"Upscale walkable district packed with chef-driven restaurants, wine bars, coffee, and high-end specialty food shops."
17,San Francisco,CA,Mission District,"The city's most dynamic food neighborhood — taquerias, destination tasting menus, natural-wine bars, bakeries, and specialty grocers all clustered."
17,San Francisco,CA,North Beach,"Historic Italian quarter with classic trattorias, bakeries, salumerias, and a revived cocktail and wine-bar scene."
17,San Francisco,CA,Outer Sunset,"Surf-adjacent up-and-coming scene with destination bakeries, coffee, casual seafood, and new wave indie restaurants."
17,San Francisco,CA,The Castro / Duboce Triangle,"Buzzy neighborhood corridor of acclaimed restaurants, natural-wine spots, and lively bars."
18,Seattle,WA,Ballard,"Former Scandinavian fishing town turned food destination — seafood, breweries, distilleries, bakeries, and a top farmers market."
18,Seattle,WA,Capitol Hill,"Seattle's densest dining-and-nightlife neighborhood with acclaimed restaurants, cocktail bars, coffee, and wine spots."
18,Seattle,WA,Central District / Chophouse Row-area,"Gentrifying district anchoring buzzy independent restaurants, bakeries, and natural-wine bars."
18,Seattle,WA,Fremont,"Quirky, walkable neighborhood with strong independent restaurants, breweries, and specialty food shops."
18,Seattle,WA,Pike Place Market / Downtown,"Iconic public market and surrounding blocks dense with fishmongers, cheesemongers, bakeries, and destination restaurants."
18,Seattle,WA,Pioneer Square,"Historic core seeing a dining revival with chef-driven restaurants, oyster bars, and cocktail spots."
19,Denver,CO,Berkeley / Tennyson Street,"Gentrifying northwest corridor with neighborhood-favorite restaurants, breweries, bakeries, and wine bars."
19,Denver,CO,Five Points / Welton Street,"Historic district reviving with new chef-driven restaurants, bakeries, and cocktail bars."
19,Denver,CO,LoHi (Lower Highland),Hilltop neighborhood with skyline views and a dense cluster of acclaimed independent restaurants and bars.
19,Denver,CO,RiNo (River North Art District),"Denver's trendiest district — breweries, distilleries, chef-driven restaurants, food halls, and cocktail bars in converted warehouses."
19,Denver,CO,South Broadway / Baker (SoBo),"Eclectic walkable strip of indie restaurants, dive and craft-cocktail bars, and a strong music-and-nightlife scene."
19,Denver,CO,South Pearl Street / Platt Park,"Charming walkable street known for its farmers market, independent restaurants, and casual bars."
20,Washington,DC,14th Street Corridor / Logan Circle,"Dense restaurant-and-bar spine of acclaimed independent kitchens, cocktail dens, and specialty food shops."
20,Washington,DC,Adams Morgan,"Eclectic, lively neighborhood known for diverse independent restaurants and a dense bar scene."
20,Washington,DC,Capitol Hill / Barracks Row (Eastern Market),"Historic market neighborhood with butchers, cheesemongers, bakeries, and neighborhood restaurants and bars."
20,Washington,DC,H Street NE / Atlas District,"Walkable nightlife-and-dining corridor with indie restaurants, craft bars, and breweries."
20,Washington,DC,Shaw / Blagden Alley,"One of DC's hottest dining areas with Michelin-caliber restaurants, natural-wine bars, and hidden-alley cocktail spots."
20,Washington,DC,Union Market District / NoMa,"Food-hall-anchored district with destination restaurants, butchers, cheesemongers, bakeries, and wine shops."
21,Nashville,TN,12 South,"Compact trendy strip known for buzzy brunch spots, boutique cafes, and popular casual eateries."
21,Nashville,TN,East Nashville,"The epicenter of indie dining and natural-wine bars, packed with acclaimed restaurants, craft cocktail spots, coffee roasters, and specialty bakeries."
21,Nashville,TN,Germantown,"Historic walkable district anchored by destination restaurants, a butcher shop, fine-dining tasting menus, and wine bars near the farmers market."
21,Nashville,TN,Hillsboro Village,"Walkable Vanderbilt-adjacent enclave of independent cafes, longtime favorite restaurants, and casual neighborhood spots."
21,Nashville,TN,The Gulch,"Dense upscale corridor of chef-driven restaurants, rooftop bars, and trendy nightlife within walking distance downtown."
21,Nashville,TN,Wedgewood-Houston (WeHo),"Up-and-coming arts-and-warehouse district with breweries, natural-wine bars, distilleries, and emerging chef-driven kitchens."
22,Oklahoma City,OK,Automobile Alley,"Historic downtown corridor lined with notable restaurants, coffee shops, and trendy bars."
22,Oklahoma City,OK,Midtown,"Central walkable hub of chef-driven restaurants, bakeries, breweries, and cocktail lounges near downtown."
22,Oklahoma City,OK,Paseo Arts District,"Bohemian arts pocket with eclectic eateries, wine bars, and casual indie dining."
22,Oklahoma City,OK,Plaza District,"Revitalized arts district with indie restaurants, craft cocktail bars, taprooms, and the city's hippest dining."
22,Oklahoma City,OK,Uptown 23rd,"Up-and-coming strip with destination restaurants, breweries, and cocktail bars along NW 23rd Street."
22,Oklahoma City,OK,Western Avenue,"Established dining corridor of upscale independent restaurants, wine spots, and longtime local favorites."
23,El Paso,TX,Downtown El Paso,"Revitalized core with destination restaurants, cocktail bars, breweries, and the historic Mercado district nearby."
23,El Paso,TX,Five Points,"Up-and-coming district with indie coffee, craft beer, and emerging local restaurants."
23,El Paso,TX,Kern Place / Cincinnati Entertainment District,"University-adjacent strip packed with bars, casual eateries, and nightlife along Cincinnati Avenue."
23,El Paso,TX,Union Plaza / Downtown Arts District,"Walkable entertainment quarter of bars, breweries, and buzzy restaurants near the convention center."
24,Boston,MA,Cambridge (Harvard/Central/Kendall),"Cross-river hub of acclaimed chef-driven restaurants, cocktail bars, cheese shops, and innovative dining."
24,Boston,MA,Fort Point / Seaport,"Waterfront district of upscale restaurants, oyster bars, and modern chef-driven dining."
24,Boston,MA,Jamaica Plain,"Eclectic up-and-coming neighborhood with indie restaurants, craft breweries, bakeries, and Latin eateries on Centre Street."
24,Boston,MA,North End,"Historic Italian quarter dense with restaurants, pastry shops, salumerias, wine bars, and specialty grocers."
24,Boston,MA,Somerville (Union Square / Davis),"Trendy adjacent city with destination restaurants, natural-wine bars, breweries, and indie food makers."
24,Boston,MA,South End,"Boston's premier dining destination with award-winning restaurants, wine bars, bakeries, and Restaurant Row on Tremont."
25,Portland,OR,Alberta Arts District,"Trendy NE corridor with indie restaurants, coffee roasters, cocktail bars, and food carts."
25,Portland,OR,Central Eastside / Buckman,"Up-and-coming industrial-chic pocket of chef-driven restaurants, distilleries, breweries, and natural-wine bars."
25,Portland,OR,Mississippi / Williams (Boise-Eliot),"Hip North Portland strips packed with destination restaurants, breweries, wine bars, and specialty food shops."
25,Portland,OR,Northwest / Nob Hill (NW 21st & 23rd),"Established dining corridor with longtime favorite restaurants, bakeries, and boutique food retail."
25,Portland,OR,Pearl District,"Upscale walkable district of acclaimed restaurants, wine bars, cheese shops, and the original Powell's-area dining."
25,Portland,OR,Southeast Division / Clinton,"Dense restaurant row of nationally acclaimed chef-driven spots, natural-wine bars, and bakeries."
26,Las Vegas,NV,Arts District (18b),"Downtown's hippest corridor with independent cocktail bars, natural-wine spots, breweries, and chef-driven restaurants like Esther's Kitchen."
26,Las Vegas,NV,Chinatown (Spring Mountain Road),"The city's deepest concentration of independent Asian restaurants, ramen, dumplings, and izakayas along the Spring Mountain corridor."
26,Las Vegas,NV,Downtown / Fremont East,"Walkable district of indie bars, the Downtown Container Park, and local eateries away from the Strip."
26,Las Vegas,NV,The Strip / Resort Corridor,Home to celebrity-chef flagships and high-end fine dining inside the major casino resorts.
26,Las Vegas,NV,Tivoli Village / Summerlin Downtown,Upscale west-side dining and wine destinations serving the affluent Summerlin master-planned community.
27,Detroit,MI,Corktown,"Detroit's oldest neighborhood and a dining epicenter, with destination spots like Folk, Barda, and a cluster of bars and cafes near Michigan Avenue."
27,Detroit,MI,Eastern Market,"Historic public market district anchoring specialty grocers, butchers, and food businesses around the weekend farmers market."
27,Detroit,MI,Ferndale,"Inner-ring suburb with a dense, walkable Woodward Avenue strip of indie restaurants, breweries, and bars."
27,Detroit,MI,Midtown,"Cultural-corridor dining with independent restaurants, cafes, and bars near Wayne State and the museums."
27,Detroit,MI,West Village / Islandview,"Charming walkable pocket with chef-driven restaurants, Marrow butcher shop, and natural-wine bars."
28,Memphis,TN,Broad Avenue Arts District,"Gentrifying arts strip with breweries, indie eateries, and creative food businesses."
28,Memphis,TN,Cooper-Young,"Memphis's signature bohemian dining district packed with independent restaurants, bars, and craft spots at the famous intersection."
28,Memphis,TN,Crosstown / Edge District,Up-and-coming corridor anchored by Crosstown Concourse with independent restaurants and cafes.
28,Memphis,TN,Downtown / South Main,"Walkable historic district with destination restaurants, bars, and the riverfront food scene."
28,Memphis,TN,Overton Square,"Restored Midtown entertainment district with a tight cluster of restaurants, bars, and a craft food hall."
29,Louisville,KY,Butchertown,"Historic meatpacking neighborhood now home to acclaimed restaurants, distilleries, and craft food businesses."
29,Louisville,KY,Clifton / Crescent Hill (Frankfort Ave),"Walkable Frankfort Avenue strip lined with indie restaurants, bakeries, wine shops, and cafes."
29,Louisville,KY,Germantown / Shelby Park,Gentrifying neighborhood with chef-driven restaurants and natural-wine bars in converted corner storefronts.
29,Louisville,KY,Highlands (Bardstown Road),Long-running bohemian dining and bar strip with the densest concentration of independent restaurants in the city.
29,Louisville,KY,NuLu (East Market District),"Louisville's trendiest food corridor with farm-to-table restaurants, bourbon bars, and specialty shops along East Market Street."
30,Baltimore,MD,Canton,"Waterfront-adjacent neighborhood with a lively square of restaurants, bars, and gastropubs."
30,Baltimore,MD,Fells Point,"Historic waterfront district with a dense cluster of independent restaurants, oyster bars, and pubs."
30,Baltimore,MD,Hampden,"Quirky, gentrified neighborhood whose 'The Avenue' (36th Street) draws chef-driven restaurants, cafes, and bars."
30,Baltimore,MD,Mount Vernon,"Cultural core with diverse independent restaurants, wine bars, and the historic Lexington Market nearby."
30,Baltimore,MD,Station North / Remington,Up-and-coming arts districts with acclaimed independent restaurants like Clavel and a growing bar and cafe scene.
31,Milwaukee,WI,Bay View,"Milwaukee's hippest dining strip along Kinnickinnic Ave, packed with indie restaurants, craft breweries, cocktail bars, coffee roasters, and natural wine spots."
31,Milwaukee,WI,East Side / Brady Street,"Dense, eclectic strip near UWM with old-school Italian delis, neighborhood bars, ethnic eateries, and bakeries."
31,Milwaukee,WI,Historic Third Ward,"Walkable warehouse district anchored by the Milwaukee Public Market, upscale restaurants, wine bars, and specialty food vendors."
31,Milwaukee,WI,Lower East Side / North Ave,"Buzzy corridor of trendy restaurants, taverns, and late-night spots bridging downtown and the East Side."
31,Milwaukee,WI,Riverwest,"Bohemian, gentrifying enclave known for indie cafes, dive bars, co-ops, and a strong DIY/creative food culture."
31,Milwaukee,WI,Walker's Point,"Former industrial district now the city's most acclaimed fine-dining and cocktail corridor, home to James Beard-recognized restaurants and craft distilleries."
32,Albuquerque,NM,Barelas,Historic Hispanic neighborhood home to the National Hispanic Cultural Center and iconic New Mexican institutions like Barelas Coffee House.
32,Albuquerque,NM,Downtown / EDo (East Downtown),"Revitalized district with farm-to-table restaurants, breweries, and the city's best chef-driven spots near the Railyard."
32,Albuquerque,NM,Nob Hill,"Albuquerque's premier dining and drinking district along Central/Route 66, full of indie restaurants, craft breweries, cocktail bars, and coffee shops."
32,Albuquerque,NM,Old Town,"Historic adobe core with traditional New Mexican restaurants, bakeries, and tourist-favorite eateries around the plaza."
32,Albuquerque,NM,Sawmill / Wells Park,"Up-and-coming district anchored by the Sawmill Market food hall, breweries, and adaptive-reuse warehouse eateries."
33,Tucson,AZ,Downtown / Congress Street,"Heart of Tucson's UNESCO City of Gastronomy scene, dense with acclaimed restaurants, craft cocktail bars, and breweries."
33,Tucson,AZ,Fourth Avenue,"Funky, walkable strip near the U of A packed with indie eateries, bars, cafes, and student-favorite spots."
33,Tucson,AZ,Main Gate Square / University,"Lively dining and nightlife district at the U of A's edge with restaurants, bars, and coffee shops."
33,Tucson,AZ,Mercado District / Menlo Park,"Westside hub anchored by Mercado San Agustin and MSA Annex, with celebrated Sonoran bakeries, tortillerias, and indie food vendors."
33,Tucson,AZ,South Tucson / South 12th Avenue,"Tucson's iconic Mexican-food corridor known for Sonoran hot dogs, carne asada, and authentic taquerias."
34,Fresno,CA,Downtown Fresno,"Revitalizing core around the Fulton Street corridor with breweries, restaurants, and the historic Warnors Theatre district."
34,Fresno,CA,North Fresno / River Park,Bustling commercial dining hub around the River Park center with a wide mix of restaurants and breweries.
34,Fresno,CA,Old Fig Garden / Fig Garden Village,"Upscale shopping-and-dining district with established sit-down restaurants, wine bars, and specialty food shops."
34,Fresno,CA,Tower District,"Fresno's hippest neighborhood, a walkable arts-and-entertainment hub with indie restaurants, bars, cafes, and live-music venues."
35,Sacramento,CA,Del Paso Heights / Del Paso Boulevard,"Up-and-coming arts corridor with emerging restaurants, breweries, and a growing creative food scene."
35,Sacramento,CA,East Sacramento,"Leafy upscale neighborhood with destination restaurants, wine shops, and specialty grocers along J Street and Folsom Blvd."
35,Sacramento,CA,Land Park / Curtis Park,"Established residential neighborhoods with beloved indie restaurants, bakeries, and the historic Tower Cafe area."
35,Sacramento,CA,Midtown,"Epicenter of Sacramento's farm-to-fork scene, dense with chef-driven restaurants, natural wine bars, cocktail lounges, and bakeries."
35,Sacramento,CA,Oak Park,"Rapidly gentrifying district known for buzzy coffee roasters, indie eateries, and craft breweries."
35,Sacramento,CA,R Street Corridor,"Reborn warehouse district downtown with trendy restaurants, beer halls, cocktail bars, and food-hall concepts."
36,Kansas City,MO,Crossroads Arts District,"KC's densest dining-and-drink corridor with chef-driven restaurants, craft cocktail bars, breweries, and First Friday gallery crowds."
36,Kansas City,MO,River Market,"Home to the City Market farmers market plus specialty grocers, butchers, ethnic eateries, and bakeries near the riverfront."
36,Kansas City,MO,Waldo / Brookside,"Established neighborhood corridors with indie restaurants, wine shops, coffee roasters, and neighborhood bars."
36,Kansas City,MO,West Bottoms,"Gentrifying warehouse district drawing destination restaurants, distilleries, breweries, and a growing weekend food scene."
36,Kansas City,MO,Westside,"Walkable hillside pocket of buzzy independent restaurants, cafes, and wine-forward spots adjacent to the Crossroads."
37,Mesa,AZ,Asian District (Dobson Road / Mekong Plaza),"Concentrated Asian food hub anchored by Mekong Plaza, with dim sum, pho, hot pot, bubble tea, and Asian groceries."
37,Mesa,AZ,Downtown Mesa (Main Street),"Mesa's walkable arts-and-dining core along Main Street with independent restaurants, breweries, cafes, and the Mesa Arts Center."
37,Mesa,AZ,Eastmark / DC Ranch-adjacent east side,Newer master-planned dining and brewery clusters serving Mesa's fast-growing eastern suburbs.
38,Atlanta,GA,Buford Highway,"Iconic immigrant-food corridor packed with Chinese, Korean, Vietnamese, Mexican, and Ethiopian restaurants and Asian/Latino groceries."
38,Atlanta,GA,Decatur,"Walkable independent dining town with award-winning restaurants, wine shops, cheese shops, and craft beer bars."
38,Atlanta,GA,Inman Park / Poncey-Highland,"Beard-recognized restaurants, natural-wine bars, and the Ponce City Market food hall along the Eastside BeltLine."
38,Atlanta,GA,Old Fourth Ward (Krog Street Market / BeltLine),"BeltLine-fueled hotspot anchored by Krog Street Market food hall, craft bars, and a dense run of independent restaurants."
38,Atlanta,GA,Summerhill / Grant Park,"Up-and-coming southside pockets with new independent restaurants, bakeries, breweries, and coffee bars."
38,Atlanta,GA,Westside (Westside Provisions / Howell Mill),"Upscale chef-driven destination dining, butchers, bakeries, and wine bars in converted industrial buildings."
39,Omaha,NE,Benson,"Gritty, music-and-bar-heavy district with indie eateries, dives, and a growing craft cocktail and brewery scene."
39,Omaha,NE,Blackstone District,"Omaha's trendiest food corridor with chef-driven restaurants, craft cocktail bars, breweries, and a creamery on a revitalized stretch of Farnam."
39,Omaha,NE,Dundee,"Walkable neighborhood with longtime independent restaurants, wine shops, and casual neighborhood bars."
39,Omaha,NE,Old Market,"Historic cobblestone district dense with independent restaurants, wine bars, bakeries, and a long-running farmers market."
40,Colorado Springs,CO,Downtown / Tejon Street,"The city's primary dining-and-drink core with independent restaurants, cocktail bars, breweries, and cafes along Tejon Street."
40,Colorado Springs,CO,Ivywild,"Hip pocket anchored by the Ivywild School food-and-drink hub with a brewery, bakery, distillery, and farm-to-table eateries."
40,Colorado Springs,CO,Manitou Springs,"Quirky walkable mountain-town adjacent district with independent restaurants, cafes, bars, and specialty food shops."
40,Colorado Springs,CO,Old Colorado City,"Historic walkable district with indie restaurants, breweries, bakeries, and specialty shops along Colorado Avenue."
41,Raleigh,NC,Downtown / Fayetteville Street,"Core district with upscale independent restaurants, cocktail bars, and the city's flagship dining."
41,Raleigh,NC,Five Points,"Established residential hub known for chef-driven spots, wine shops, and a butcher-and-grocer cluster."
41,Raleigh,NC,Glenwood South,"Lively nightlife corridor packed with bars, breweries, and casual independent eateries."
41,Raleigh,NC,Iron Works / East Raleigh,Up-and-coming adaptive-reuse food hall and brewery district drawing new independent vendors.
41,Raleigh,NC,Person Street / Mordecai,"Walkable historic pocket with neighborhood bistros, bakeries, and a beloved coffee-and-brunch scene."
41,Raleigh,NC,Warehouse District,"Reclaimed brick warehouses now home to acclaimed restaurants, craft breweries, and natural wine bars."
42,Long Beach,CA,Belmont Shore (2nd Street),"Walkable beachside corridor dense with restaurants, bars, and specialty food shops."
42,Long Beach,CA,Bixby Knolls,"Gentrifying northern district known for breweries, bakeries, and neighborhood bistros."
42,Long Beach,CA,Cambodia Town (Anaheim Street),"Authentic Cambodian and Southeast Asian restaurants and markets, a unique LA-area food destination."
42,Long Beach,CA,East Village Arts District,"Downtown creative quarter with craft cocktail bars, coffee roasters, and chef-owned eateries."
42,Long Beach,CA,Retro Row (4th Street),"Trendy strip of vintage shops, indie cafes, natural wine, and buzzy small restaurants."
43,Virginia Beach,VA,Oceanfront / Atlantic Avenue,"Beachfront strip of seafood houses, bars, and tourist-driven dining."
43,Virginia Beach,VA,Shore Drive / Chesapeake Bay,"Laid-back bayside area known for seafood shacks, oyster bars, and waterfront restaurants."
43,Virginia Beach,VA,Town Center,"Walkable urban core with upscale restaurants, cocktail lounges, and wine bars."
43,Virginia Beach,VA,ViBe Creative District,"Arts-driven hub with craft breweries, coffee roasters, bakeries, and independent farm-to-table restaurants."
44,Miami,FL,Coconut Grove,"Leafy waterfront village with bistros, wine shops, and a revitalized independent dining scene."
44,Miami,FL,Little Havana (Calle Ocho),"Cuban-American heartland of cafeterias, cigar lounges, bakeries, and iconic ventanitas."
44,Miami,FL,Little River / Buena Vista,"Fast-gentrifying corridor with acclaimed chef-driven restaurants, bakeries, and natural wine bars."
44,Miami,FL,South Beach / Sunset Harbour,Iconic beachside district blending celebrity restaurants with a maturing local dining pocket.
44,Miami,FL,Wynwood,"Arts-and-mural district anchoring buzzy restaurants, breweries, natural wine bars, and food halls."
44,Miami,FL,Wynwood-adjacent Edgewater / Design District,Upscale dining and luxury food retail with high-end restaurants and chic cocktail bars.
45,Oakland,CA,Fruitvale,"Vibrant Latino district celebrated for taquerias, mariscos, panaderias, and authentic Mexican markets."
45,Oakland,CA,Grand Lake / Lakeshore,"Lakeside neighborhood with a top farmers market, independent eateries, and specialty grocers."
45,Oakland,CA,Old Oakland,"Historic core with chef-driven restaurants, a renowned farmers market, and natural wine bars."
45,Oakland,CA,Rockridge,"Upscale strip along College Avenue dense with butchers, cheesemongers, wine shops, and bistros."
45,Oakland,CA,Temescal / Telegraph Avenue,"Destination food corridor with acclaimed restaurants, the Temescal Alley shops, and a famed Korean strip."
45,Oakland,CA,Uptown / KONO,"Downtown nightlife and arts district full of bars, restaurants, and First Friday food energy."
46,Minneapolis,MN,"Eat Street (Nicollet Avenue, Whittier)","Diverse immigrant-owned restaurants spanning Vietnamese, Mexican, Ethiopian, and Middle Eastern cuisine along a dense Nicollet corridor."
46,Minneapolis,MN,Longfellow / Minnehaha Avenue,"Up-and-coming corridor known for breweries, bakeries, and independent restaurants in a residential southeast pocket."
46,Minneapolis,MN,Lyn-Lake / Uptown,"Trendy bar-and-restaurant district with cocktail lounges, breweries, and neighborhood eateries around the Lyndale-Lake intersection."
46,Minneapolis,MN,North Loop,"Warehouse district turned upscale dining hub with chef-driven restaurants, cocktail bars, and natural wine spots like Spoon and Stable."
46,Minneapolis,MN,Northeast (Nordeast) / Arts District,"Dense corridor of acclaimed restaurants, craft breweries, distilleries, and the Surdyk's-anchored specialty food scene along Central and University Avenues."
47,Tulsa,OK,Blue Dome District,"Downtown entertainment district packed with bars, breweries, and restaurants in historic buildings."
47,Tulsa,OK,Brady Arts District (Tulsa Arts District),"Walkable arts-and-dining zone with destination restaurants, cocktail bars, and music venues north of downtown."
47,Tulsa,OK,Brookside,"Peoria Avenue corridor lined with neighborhood restaurants, bars, and boutiques south of downtown."
47,Tulsa,OK,Cherry Street (15th Street),"Established dining strip of indie restaurants, wine bars, and a popular farmers market in the Lortondale area."
47,Tulsa,OK,Kendall Whittier,"Gentrifying district with Mexican eateries, coffee roasters, and indie food spots near the University of Tulsa."
48,Bakersfield,CA,Downtown Bakersfield (19th Street / Eastchester),"Walkable core with the city's concentration of independent restaurants, breweries, and bars."
48,Bakersfield,CA,Old Town Kern / Baker Street,Historic district with Basque restaurants and longtime ethnic eateries reflecting the area's heritage.
48,Bakersfield,CA,Westchester,Older neighborhood near downtown with established family-owned restaurants and bakeries.
49,Wichita,KS,Delano District,"Historic west-side strip with breweries, indie restaurants, and a revitalized dining corridor along Douglas Avenue."
49,Wichita,KS,Douglas Design District (College Hill / East Douglas),"Eclectic corridor of chef-driven restaurants, coffee shops, and specialty food retailers east of downtown."
49,Wichita,KS,Old Town,"Brick warehouse entertainment district with the densest cluster of bars, restaurants, and a Saturday farmers market."
49,Wichita,KS,Riverside / Central Riverside,Emerging neighborhood with independent eateries and bars near the river and parks.
50,Arlington,TX,Downtown Arlington,"Revitalized walkable core with indie restaurants, a food hall, breweries, and bars near UT Arlington."
50,Arlington,TX,Entertainment District (Stadium District),"Area around AT&T Stadium and Globe Life Field with sports bars, restaurants, and dining destinations."
50,Arlington,TX,Pioneer Parkway / Park Row (Little Asia),"Concentration of authentic Vietnamese, Korean, and pan-Asian restaurants and markets along the Arlington-area corridor."
51,Aurora,CO,Fitzsimons / Anschutz Medical Campus area,"Fast-growing district near the medical campus drawing newer cafes, breweries, and globally diverse counter-service spots."
51,Aurora,CO,Original Aurora / Havana Street (Aurora Cultural Arts District),"Colorado's densest international food corridor, with Korean, Ethiopian, Vietnamese, and Mexican restaurants packing the Havana Street stretch."
51,Aurora,CO,Southlands,"Outdoor lifestyle district anchoring southeast Aurora's sit-down dining, breweries, and casual restaurants."
51,Aurora,CO,Stanley Marketplace,"Renovated aviation factory turned destination food hall with independent eateries, a brewery, distillery, and bakery under one roof."
52,Tampa,FL,Armature Works / Tampa Heights,"Riverfront food hall and gentrifying district anchoring a wave of breweries, bakeries, and new independent restaurants."
52,Tampa,FL,Hyde Park / SoHo (South Howard),"Upscale walkable district with wine bars, oyster bars, and a strip of popular restaurants and nightlife along South Howard."
52,Tampa,FL,Seminole Heights,"Tampa's leading independent dining neighborhood, dense with craft breweries, acclaimed chef-driven restaurants, and indie coffee."
52,Tampa,FL,Water Street / Channel District,"New downtown waterfront development packed with high-end restaurants, a Michelin-recognized hotel dining, and cocktail lounges."
52,Tampa,FL,Ybor City,"Historic Latin quarter known for Cuban sandwiches, cigar-era bars, and a buzzing late-night nightlife and craft cocktail scene."
53,New Orleans,LA,Central Business District / Warehouse District,"Downtown destination dining anchored by James Beard-caliber restaurants, steakhouses, and upscale cocktail bars."
53,New Orleans,LA,French Quarter,"The historic culinary heart, home to landmark Creole institutions, oyster bars, and classic cocktail rooms."
53,New Orleans,LA,Freret Street,"Revitalized Uptown corridor packed with craft beer bars, pizzerias, and a tight cluster of independent eateries."
53,New Orleans,LA,Marigny / Bywater,"Bohemian downriver neighborhoods with St. Claude and Frenchmen corridors of inventive restaurants, natural wine bars, and live-music dives."
53,New Orleans,LA,Mid-City / Bayou St. John,"Local-favorite dining pocket with beloved neighborhood restaurants, breweries, and Carrollton Avenue staples."
53,New Orleans,LA,Uptown / Magazine Street,"Long ribbon of independent restaurants, boutique wine shops, coffee roasters, and neighborhood bistros."
54,Cleveland,OH,Detroit Shoreway / Gordon Square Arts District,"Arts-district dining corridor with acclaimed restaurants, taprooms, and a lively walkable nightlife strip."
54,Cleveland,OH,Hingetown,"Compact gentrified pocket of Ohio City with coffee roasters, natural wine, indie bakeries, and small-plates spots."
54,Cleveland,OH,Little Italy,"Historic Murray Hill enclave of family Italian restaurants, bakeries, and trattorias near University Circle."
54,Cleveland,OH,Ohio City,"Anchored by the West Side Market, with Cleveland's densest cluster of craft breweries, butchers, bakeries, and chef-driven restaurants."
54,Cleveland,OH,Tremont,"Historic hilltop neighborhood known for fine dining, wine bars, and a celebrated independent restaurant scene."
54,Cleveland,OH,Waterloo / Collinwood,"Up-and-coming arts corridor on the east side with indie bars, vegan spots, and creative neighborhood eateries."
55,Honolulu,HI,Chinatown / Downtown Arts District,"Honolulu's most concentrated independent dining and bar scene, blending old Chinatown markets with chef-driven restaurants and cocktail dens."
55,Honolulu,HI,Kaimuki,"Beloved low-key foodie neighborhood with a high density of independent restaurants, bakeries, and wine bars along Waialae Avenue."
55,Honolulu,HI,Kaka'ako,"Rapidly developed warehouse-turned-trendy district with breweries, coffee roasters, food halls, and modern Hawaiian restaurants."
55,Honolulu,HI,Kapahulu,"Iconic local-eats strip near Waikiki famed for poke, malasadas, Japanese spots, and longtime island institutions."
55,Honolulu,HI,Ward Village / Ala Moana,"Upscale shopping-adjacent dining hub with high-end restaurants, izakayas, and an expanding mix of trendy eateries."
56,Anaheim,CA,Anaheim Colony Historic District,Historic-home neighborhood surrounding downtown that feeds the Packing/Center Street dining corridor with locally owned cafes and gastropubs.
56,Anaheim,CA,Anaheim GardenWalk,Resort-area dining and entertainment promenade near the convention center with sit-down restaurants and bars catering to visitors.
56,Anaheim,CA,Anaheim Packing District,"The 1919 Packing House food hall plus Farmers Park and Villains Brewing anchor Anaheim's densest cluster of independent eateries, craft cocktail bars, and artisan vendors."
56,Anaheim,CA,Center Street Promenade (Downtown),"The walkable downtown core with independent restaurants, breweries, bars, and a weekly farmers market just steps from the Packing District."
56,Anaheim,CA,Little Arabia (Brookhurst Street),"Nationally recognized Middle Eastern restaurant corridor along Brookhurst, dense with independent Lebanese, Syrian, and Yemeni eateries, bakeries, and groceries."
57,Lexington,KY,Chevy Chase,"Established neighborhood dining district along Euclid and High with longtime independent restaurants, wine bars, bakeries, and pubs."
57,Lexington,KY,Distillery District,"A former bourbon-warehouse district turned hub of breweries, distilleries, cocktail bars, and indie restaurants like Middle Fork and Goodfellas."
57,Lexington,KY,Downtown / Short Street,"The dense core for chef-driven restaurants, cocktail bars, and the Greyline Station food hall, anchoring Lexington's fine-dining scene."
57,Lexington,KY,Jefferson Street,"A restored warehouse corridor home to acclaimed restaurants (Honeywood, Carson's) and bars in a walkable cluster northwest of downtown."
57,Lexington,KY,North Limestone (NoLi),"Gentrifying arts-driven corridor with the NoLi farmers market, craft coffee, breweries, and emerging independent eateries."
58,Stockton,CA,Downtown Stockton / Waterfront,"The civic core around the marina and Bob Hope Theatre with locally owned restaurants, bars, and the Cesar Chavez farmers market."
58,Stockton,CA,Lincoln Center,"Open-air shopping district at Pacific and Benjamin Holt with a high concentration of independent restaurants, cafes, and specialty food shops."
58,Stockton,CA,Little Manila / Downtown Filipino corridor,"Historic Filipino district along the south edge of downtown known for Filipino restaurants, bakeries, and markets."
58,Stockton,CA,Miracle Mile,"Stockton's signature walkable shopping-and-dining strip on Pacific Avenue, packed with independent restaurants, cafes, wine bars, and pubs."
59,Corpus Christi,TX,Downtown / Marina Arts District,"The bayfront core with independent restaurants, craft cocktail bars, breweries, and the SEA District nightlife along Chaparral and Water streets."
59,Corpus Christi,TX,North Beach,Waterfront district near the USS Lexington and aquarium known for seafood restaurants and casual bayside bars.
59,Corpus Christi,TX,Southside (Everhart / Saratoga),"The city's largest concentration of dining, including chef-driven independents, seafood, and Tex-Mex spread along Everhart and Saratoga."
59,Corpus Christi,TX,Uptown / Six Points,"An up-and-coming corridor of locally owned restaurants, coffee roasters, bars, and a brewery just north of downtown."
60,Henderson,NV,Eastern Avenue / Inspirada-Cadence corridor,"Fast-growing master-planned south Henderson area drawing new independent restaurants, breweries, and cafes."
60,Henderson,NV,Green Valley Ranch / The District,"Henderson's upscale culinary epicenter around The District at Green Valley Ranch, with steakhouses, seafood, modern bistros, and trendy cafes."
60,Henderson,NV,Lake Las Vegas,"Mediterranean-styled waterfront village with destination restaurants, wine spots, and bars on the eastern edge of Henderson."
60,Henderson,NV,The District at Green Valley Ranch,"Open-air lifestyle center with a dense walkable cluster of sit-down restaurants, wine bars, and cocktail lounges."
60,Henderson,NV,Water Street District (Downtown Henderson),"Revitalized historic downtown with gastropubs, Biscuits and Bourbon BBQ, wine bars, breweries, and live-music taverns in a walkable strip."
61,Riverside,CA,Downtown Riverside / Mission Inn District,"The walkable historic core anchored by the Mission Inn, with the city's best independent restaurants, wine bars, breweries, and a Saturday farmers market."
61,Riverside,CA,Riverside Food Lab (Downtown),A modern food hall hub of independent vendors and craft drink concepts that anchors downtown's casual dining.
61,Riverside,CA,University Avenue / Marketplace,"A growing strip of independent cafes, taprooms, and casual eateries serving the UC Riverside crowd."
61,Riverside,CA,Wood Streets / Magnolia Avenue,"A leafy residential corridor dotted with neighborhood cafes, bakeries, and specialty coffee."
62,Newark,NJ,Downtown / Halsey Street,"A revitalized arts-and-dining corridor near NJPAC with independent restaurants, cocktail bars, and cafes catering to the Prudential Center crowd."
62,Newark,NJ,Ironbound (Ferry Street),"Newark's signature dining district with 200+ Portuguese, Brazilian, and Spanish restaurants, seafood houses, bakeries, and tapas bars along Ferry Street."
62,Newark,NJ,Newark Avenue / Mulberry Commons,"An up-and-coming downtown pocket of new-build restaurants, breweries, and bars anchored by the riverfront park."
62,Newark,NJ,University Heights,An eclectic student-driven area around Rutgers-Newark and NJIT with casual independent eateries and coffee shops.
63,Saint Paul,MN,Cathedral Hill / Selby Avenue,"An elegant historic neighborhood known for destination restaurants, wine bars, and bakeries along Selby and Grand."
63,Saint Paul,MN,Grand Avenue,"A long retail-and-dining corridor lined with independent restaurants, cheese and wine shops, and cafes."
63,Saint Paul,MN,Lowertown,"A revitalized warehouse district near the farmers market and CHS Field, dense with chef-driven restaurants, cocktail bars, breweries, and coffee roasters."
63,Saint Paul,MN,University Avenue / Frogtown-Rondo,"A diverse immigrant-rich corridor famous for Hmong, Vietnamese, and East African food and markets."
63,Saint Paul,MN,West Seventh / Fort Road,"An up-and-coming corridor with breweries, casual restaurants, and the Keg and Case food hall in the old Schmidt brewery."
64,Santa Ana,CA,Downtown Santa Ana / Calle Cuatro (4th Street),"The buzzy walkable core anchored by 4th Street Market food hall, with independent restaurants, breweries, mezcal bars, and Mexican food."
64,Santa Ana,CA,East End / Artists Village,"A creative downtown pocket with craft cocktail bars, cafes, and chef-driven concepts amid art galleries."
64,Santa Ana,CA,South Main Street,"A corridor of authentic taquerias, mariscos spots, and panaderias serving the city's Mexican community."
64,Santa Ana,CA,The LAB / The CAMP (South Coast Metro),"Adjacent open-air anti-mall centers packed with independent restaurants, specialty coffee, and natural-wine concepts."
65,Cincinnati,OH,Covington / MainStrasse (KY),"Just across the river, a historic German village district with destination restaurants, bars, and bakeries."
65,Cincinnati,OH,Hyde Park / Oakley,"Affluent eastside neighborhoods with upscale independent restaurants, wine shops, and specialty grocers."
65,Cincinnati,OH,Northside,"A bohemian Hamilton Avenue strip of indie bars, breweries, vegetarian spots, and casual eateries."
65,Cincinnati,OH,Over-the-Rhine (OTR),"Cincinnati's premier dining destination, a dense historic district packed with acclaimed restaurants, cocktail bars, breweries, bakeries, and Findlay Market."
65,Cincinnati,OH,The Banks / Downtown,"The riverfront entertainment district near the stadiums with bars, breweries, and a growing slate of restaurants."
65,Cincinnati,OH,Walnut Hills,"A gentrifying neighborhood with chef-driven restaurants, breweries, and natural-wine bars around the revived business district."
66,"Irvine, CA",CA,Cypress Village / Los Olivos Marketplace,"Newer mixed-use plazas anchoring the city's Asian dining and specialty grocery scene with ramen, bubble tea, and bakeries."
66,"Irvine, CA",CA,Diamond Jamboree,"The densest Asian-food destination in Orange County, packing hot pot, dim sum, ramen, Korean, Taiwanese dessert and bakery (85C, Tim Ho Wan, Haidilao, Kura) into one plaza."
66,"Irvine, CA",CA,The District at Irvine Spectrum / Irvine Spectrum Center,"Irvine's premier walkable entertainment hub with a deep bench of sit-down restaurants, bars, and buzzy chains plus independent eateries."
66,"Irvine, CA",CA,University Town Center (UTC),"The UC Irvine-adjacent commercial district with casual international eateries, cafes, and bars catering to a student and academic crowd."
66,"Irvine, CA",CA,Woodbury Town Center,"A master-planned retail core with notable Korean BBQ, steakhouses, sushi, and cafes serving Irvine's affluent residential east side."
67,"Orlando, FL",FL,Audubon Park Garden District,"A walkable, locally minded pocket known for East End Market food hall, craft beer, wine bars, and the weekly community market."
67,"Orlando, FL",FL,College Park,"A charming residential main-street district along Edgewater Drive with independent restaurants, bakeries, coffee, and casual bars."
67,"Orlando, FL",FL,Mills 50,"Orlando's coolest food corridor — a dense Vietnamese/Asian district (the old 'Little Saigon') now layered with craft cocktail bars, indie coffee, and chef-driven spots."
67,"Orlando, FL",FL,The Milk District,"A scrappy, up-and-coming nightlife and indie-eats pocket east of downtown with dive bars, late-night food, and creative kitchens."
67,"Orlando, FL",FL,Thornton Park,"An upscale, leafy downtown-adjacent neighborhood with bistros, wine bars, and patio dining around Lake Eola."
67,"Orlando, FL",FL,Winter Park,"An affluent suburb whose Park Avenue and Hannibal Square are dense with fine dining, wine shops, cafes, and the Winter Park farmers market."
68,"Pittsburgh, PA",PA,Bloomfield,"Pittsburgh's 'Little Italy' turned eclectic strip with old-school Italian, butchers, and a growing wave of independent restaurants and bars."
68,"Pittsburgh, PA",PA,East Liberty,"A revitalized East End hub with destination restaurants, breweries, and chef-driven spots anchoring rapid gentrification."
68,"Pittsburgh, PA",PA,Garfield / Friendship,"An up-and-coming arts-corridor pocket along Penn Avenue with creative kitchens, coffee, and natural-wine and cocktail spots."
68,"Pittsburgh, PA",PA,Lawrenceville,"Pittsburgh's flagship dining destination — Butler Street is wall-to-wall acclaimed restaurants, cocktail bars, bakeries, and natural-wine shops."
68,"Pittsburgh, PA",PA,Squirrel Hill,"A walkable, diverse neighborhood with strong Jewish and Asian food traditions, delis, bakeries, and global eateries along Forbes and Murray."
68,"Pittsburgh, PA",PA,Strip District,"The historic produce-and-market district packed with specialty grocers, ethnic markets, butchers, coffee roasters, and Italian delis."
69,"St. Louis, MO",MO,Benton Park / Cherokee Street,"A bohemian, increasingly buzzy district known for its Mexican corridor, taquerias, dive bars, and indie restaurants."
69,"St. Louis, MO",MO,Botanical Heights / Tower Grove,"Adjacent gentrifying neighborhoods home to some of the city's most celebrated chef-driven restaurants, cafes, and the Tower Grove farmers market."
69,"St. Louis, MO",MO,Central West End,"An upscale, walkable neighborhood with fine dining, wine bars, bistros, and patio dining near Forest Park."
69,"St. Louis, MO",MO,South Grand,"St. Louis's most internationally diverse dining strip with Vietnamese, Ethiopian, Thai, and Middle Eastern restaurants along a walkable corridor."
69,"St. Louis, MO",MO,The Grove (Forest Park Southeast),"St. Louis's trendiest and most concentrated nightlife-and-dining strip with award-winning restaurants, cocktail bars, and breweries."
69,"St. Louis, MO",MO,The Hill,"The iconic Italian-American neighborhood dense with red-sauce institutions, salumerias, bakeries, and specialty Italian grocers."
70,"Greensboro, NC",NC,Adams Farm / Friendly Center,"Greensboro's upscale retail-anchored dining cluster with sit-down restaurants, wine, and chef-driven spots serving the affluent west side."
70,"Greensboro, NC",NC,Downtown Greensboro,"The city's dining and nightlife core with global cuisines, craft breweries, cocktail bars, and tap houses across a walkable grid."
70,"Greensboro, NC",NC,Lindley Park / Friendly Avenue,"A charming residential pocket with beloved independent diners, burger joints, and casual eateries."
70,"Greensboro, NC",NC,Revolution Mill,"A redeveloped textile-mill district turned food-and-drink destination with a wine-and-bourbon tavern, food trucks, and event dining."
70,"Greensboro, NC",NC,Westerwood / State Street,"A compact historic shopping district with independent restaurants, cafes, and specialty shops."
71,Jersey City,NJ,Bergen-Lafayette,"A gentrifying pocket with craft breweries, neighborhood bistros, and independent coffee roasters."
71,Jersey City,NJ,Downtown / The Waterfront,"The most established dining corridor, with acclaimed restaurants, cocktail bars, and wine shops clustered around Grove Street and Newark Avenue."
71,Jersey City,NJ,Historic Downtown / Newark Avenue Pedestrian Plaza,"A pedestrianized restaurant row packed with independent eateries, craft beer bars, and global cuisine."
71,Jersey City,NJ,Journal Square,A revitalizing transit hub known for excellent South Asian and Filipino restaurants plus emerging cafes and bars.
71,Jersey City,NJ,The Heights,"An up-and-coming hilltop neighborhood with buzzy new restaurants, bakeries, and a strong Latin American food presence along Central Avenue."
72,Anchorage,AK,Downtown,"The walkable core with destination seafood restaurants, brewpubs, and tourist-facing dining around 4th and 5th Avenues."
72,Anchorage,AK,Government Hill,A small walkable neighborhood with notable independent eateries and a strong local-food sensibility.
72,Anchorage,AK,South Addition / Midtown,"Home to chef-driven restaurants, craft breweries, and independent coffee shops along Spenard Road and the Fireweed corridor."
72,Anchorage,AK,Spenard,"Anchorage's quirky, gentrifying district known for craft cocktail bars, breweries, and indie restaurants."
73,Lincoln,NE,College View / Prescott,"A walkable south-side district with bakeries, coffee shops, and casual independent restaurants."
73,Lincoln,NE,Downtown / O Street,"The central corridor with independent restaurants, cocktail bars, and cafes near the university."
73,Lincoln,NE,Haymarket District,"A revitalized warehouse district that anchors Lincoln's dining and nightlife with breweries, wine bars, and farm-to-table restaurants."
73,Lincoln,NE,University Place / North 48th,"An emerging neighborhood pocket with craft coffee, breweries, and independent eateries."
74,Plano,TX,Downtown Plano / 15th Street,"The walkable arts and dining district with independent restaurants, wine bars, breweries, and coffee shops."
74,Plano,TX,Legacy West,"An upscale mixed-use development packed with destination restaurants, chef concepts, and a food hall."
74,Plano,TX,Old Town / H Mart corridor (West Plano),"A dense corridor of acclaimed Korean and Asian restaurants, bakeries, and specialty grocers."
74,Plano,TX,The Shops at Legacy,"A walkable dining and nightlife hub with bistros, bars, and international restaurants."
75,Durham,NC,Brightleaf District / Warehouse District,"Converted tobacco warehouses housing acclaimed restaurants, breweries, and bars."
75,Durham,NC,Downtown / Central Park,"Durham's dining epicenter with James Beard-recognized restaurants, cocktail bars, and the Durham Food Hall."
75,Durham,NC,Geer Street / Foster Street (Cocoa Cinnamon corridor),"A revitalizing pocket with breweries, coffee roasters, food trucks, and chef-driven restaurants."
75,Durham,NC,Lakewood / West Durham,"An up-and-coming neighborhood with craft bakeries, neighborhood restaurants, and independent grocers."
75,Durham,NC,Ninth Street / Old West Durham,"A historic walkable strip near Duke with indie restaurants, bakeries, wine shops, and cafes."
76,Buffalo,NY,Allentown,"Historic bohemian district packed with bars, gastropubs, coffee houses, and casual eateries, the city's nightlife and indie food core."
76,Buffalo,NY,Downtown / Chippewa & Theater District,"Revitalized core with upscale restaurants, cocktail lounges, and the Chippewa entertainment strip near the canalside."
76,Buffalo,NY,Elmwood Village,"Buffalo's most walkable dining strip with chef-driven restaurants, craft cocktail bars, cafes, and indie wine shops along Elmwood Avenue."
76,Buffalo,NY,Hertel Avenue (North Buffalo),"Little Italy strip with old-school Italian restaurants, bakeries, pizzerias, wine bars, and newer farm-to-table spots."
76,Buffalo,NY,Larkin / Hydraulic District,"Adaptive-reuse warehouse area anchored by Larkin Square, with breweries, food trucks, and an emerging cluster of independent restaurants."
76,Buffalo,NY,West Side / Grant Street,"Immigrant-driven, rapidly gentrifying corridor known for global eateries, the West Side Bazaar food hall, butchers, and specialty grocers."
77,Chandler,AZ,Chandler Fashion Center / Price Corridor,Upscale shopping and dining district with national-quality independent restaurants and modern eateries.
77,Chandler,AZ,Downtown Chandler,"Walkable historic square with chef-owned restaurants, craft breweries, wine bars, and a lively patio dining scene around the courthouse."
77,Chandler,AZ,Ocotillo,"Master-planned lakeside community with waterfront patios, casual upscale dining, and craft cocktail spots."
78,Chula Vista,CA,Eastlake,"Suburban lifestyle-center dining cluster with family restaurants, Latin eateries, and casual neighborhood spots."
78,Chula Vista,CA,Otay Ranch Town Center / Millenia,"Newer eastside dining district with casual upscale restaurants, breweries, and a growing mix of independent eateries."
78,Chula Vista,CA,Third Avenue Village (Downtown),"The city's walkable food and drink hub with breweries, taquerias, Mexican restaurants, cafes, and an active street-fair scene."
79,Toledo,OH,Maumee / Perrysburg,"Adjacent walkable downtowns with chef-driven restaurants, wine bars, bakeries, and craft pubs serving the metro's dining crowd."
79,Toledo,OH,Old West End,"Historic Victorian neighborhood with cafes, casual eateries, and emerging independent food spots near downtown."
79,Toledo,OH,Uptown / Adams Street,"Toledo's hippest district with craft breweries, indie restaurants, coffee shops, and a walkable arts-and-bar corridor."
79,Toledo,OH,Warehouse District (Downtown),"Revitalized riverfront-adjacent area with upscale restaurants, cocktail bars, Hensville entertainment, and the Toledo Farmers Market."
80,Madison,WI,Atwood Avenue (Schenk-Atwood),"Eclectic east-side strip with destination restaurants, breweries, butchers, and specialty food shops."
80,Madison,WI,Downtown / Capitol Square,"Anchored by the famed Dane County Farmers' Market, with top farm-to-table restaurants, cheese-focused menus, and cocktail bars."
80,Madison,WI,Monroe Street,"Upscale west-side neighborhood with acclaimed restaurants, wine shops, bakeries, and ice cream institutions."
80,Madison,WI,State Street,"Pedestrian campus-to-Capitol corridor packed with diverse global eateries, cafes, and casual dining."
80,Madison,WI,Tenney-Lapham / East Washington Corridor,"Up-and-coming district with new-build food halls, breweries, and chef-driven restaurants along the revitalizing E. Washington Ave."
80,Madison,WI,Williamson Street (Willy Street) / Marquette,"Bohemian east-side corridor known for indie restaurants, the Willy Street Co-op, bakeries, and craft cocktail dens."
81,Gilbert,AZ,Agritopia / Barnone,"Urban-farm community whose Barnone hangar houses an artisan bakery, brewery, coffee roaster, and farm-to-table eateries."
81,Gilbert,AZ,Heritage District,"Walkable downtown core with 30+ independent restaurants, craft cocktail bars, breweries, and a large Saturday farmers market — the East Valley's standout dining destination."
81,Gilbert,AZ,SanTan Village area,"Open-air retail and dining hub on Gilbert's south side with a growing cluster of independent eateries, bars, and tasting rooms."
81,Gilbert,AZ,The Epicenter at Agritopia,"Newer mixed-use district extending Agritopia with chef-driven restaurants, wine bars, and specialty food tenants."
82,Reno,NV,Brewery District / 4th Street,"Industrial-turned-trendy corridor anchored by craft breweries, distilleries, and food-hall-style independent eateries."
82,Reno,NV,California Avenue / Wells Avenue,"Older walkable neighborhoods with neighborhood bistros, ethnic eateries, and a maturing independent bar and cafe scene."
82,Reno,NV,Midtown,"Reno's hippest district, dense with independent restaurants, craft cocktail bars, breweries, coffee roasters, and a specialty butcher and bottle scene."
82,Reno,NV,Riverwalk District (Downtown),"Truckee River-front blocks lined with farm-to-table restaurants, wine bars, and the city's wine-walk and culinary events."
83,Fort Wayne,IN,Broadway / Bluffton Road (South Side),"Emerging gentrifying pocket with indie bakeries, cafes, and ethnic eateries anchoring a slower-paced food scene."
83,Fort Wayne,IN,Downtown / Promenade Park,"Riverfront core with farm-to-table fine dining, upscale bars, and the Electric Works mixed-use food hall and market."
83,Fort Wayne,IN,The Landing,"Revitalized historic block downtown packed with chef-driven restaurants, cocktail bars, and locally owned eateries — the city's signature dining corridor."
83,Fort Wayne,IN,West Main / Wells Street Corridor,"Walkable near-downtown strip with independent breweries, taprooms, coffee shops, and neighborhood restaurants."
84,North Las Vegas,NV,Aliante,Master-planned north-end district whose casino and town-center retail anchor most of the area's sit-down dining and bars.
84,North Las Vegas,NV,Craig Ranch / Craig Road corridor,"Suburban commercial strip with a dense run of independent taquerias, pho houses, and ethnic eateries serving the local community."
84,North Las Vegas,NV,Downtown North Las Vegas (Las Vegas Blvd N),"The city's historic core along the boulevard, home to longtime independent Mexican and Latin restaurants and casual local eateries."
85,St. Petersburg,FL,Downtown / Central Arts,"Waterfront core now holding Michelin-recommended restaurants, upscale bars, and chef-driven dining."
85,St. Petersburg,FL,EDGE District,"Creative, walkable corridor of buzzy independent restaurants, craft breweries, cocktail bars, and a wine-and-art scene."
85,St. Petersburg,FL,Grand Central District,"Bustling Central Avenue stretch with independent restaurants, Latin eateries, craft bars, and boutique food shops — a community-rooted dining hub."
85,St. Petersburg,FL,Old Northeast / Beach Drive,"Genteel district with white-tablecloth restaurants, wine bars, and cafes along the bayfront."
85,St. Petersburg,FL,Warehouse Arts / Deuces (22nd St S),"Gentrifying creative pocket with breweries, distilleries, and emerging independent eateries amid arts studios."
86,Lubbock,TX,Cultural District,Arts-and-museum quarter near the Buddy Holly Center anchoring chef-driven and gallery-adjacent dining.
86,Lubbock,TX,Depot District,"Lubbock's primary nightlife and dining corridor along Buddy Holly Avenue, packed with bars, breweries, live music, and gastropubs."
86,Lubbock,TX,Downtown / Broadway,"Revitalizing urban core with independent steakhouses, breweries, and from-scratch kitchens like Triple J Chophouse and The Brewery LBK."
86,Lubbock,TX,Tech Terrace / 34th Street,"Walkable student-and-locals pocket near Texas Tech with indie coffee shops, casual eateries, and neighborhood bars."
87,Irving,TX,Downtown / Heritage District (South Irving),"Historic original core anchoring authentic Mexican and immigrant-run eateries and a more local, gentrifying food scene."
87,Irving,TX,Las Colinas Urban Center,"Master-planned waterfront district along Lake Carolyn with upscale restaurants, wine bars, and the Toyota Music Factory entertainment complex."
87,Irving,TX,Toyota Music Factory,"Dense dining-and-entertainment hub of restaurants, bars, and a concert venue, the most concentrated nightlife in Irving."
88,Laredo,TX,Del Mar / North Laredo,"Newer growth area with the majority of Laredo's sit-down restaurants, bars, and contemporary dining."
88,Laredo,TX,Downtown / San Bernardo Avenue,"Historic border core with longstanding taquerias, Mexican bakeries (panaderias), and authentic Tex-Mex along the San Bernardo corridor."
88,Laredo,TX,Mall del Norte / Loop 20,Commercial retail-and-dining belt that concentrates much of the city's casual restaurant and chain-plus-local mix.
89,Winston-Salem,NC,Ardmore,"Established residential neighborhood with beloved independent restaurants, bakeries, and casual local favorites."
89,Winston-Salem,NC,Downtown Arts District (Trade & Sixth Streets),"Walkable creative core with farm-to-table restaurants, cocktail bars, galleries, and the city's most concentrated indie dining."
89,Winston-Salem,NC,Innovation Quarter (Wake Forest district),"Adaptive-reuse tobacco-warehouse district with breweries, modern eateries, and Bailey Park gathering space."
89,Winston-Salem,NC,West End,"Historic tree-lined district known for chef-driven restaurants, wine bars, and cozy neighborhood spots near downtown."
89,Winston-Salem,NC,West Fourth Street / Fourth Street corridor,Lively restaurant-and-bar strip linking downtown to the West End with a dense run of dining and nightlife.
90,Chesapeake,VA,Deep Creek,Established southern Chesapeake community with longstanding local seafood spots and casual neighborhood dining.
90,Chesapeake,VA,Great Bridge,"Historic waterfront town center with neighborhood restaurants, breweries, and casual dining near the Battlefield."
90,Chesapeake,VA,Greenbrier,Chesapeake's main commercial-and-dining hub with the city's widest concentration of independent restaurants like Luce Secondo and Black Pelican.
90,Chesapeake,VA,Western Branch,"Growing residential-retail area with a cluster of local eateries, cafes, and family-run restaurants."
91,Glendale,AZ,Arrowhead,"North-side commercial corridor with the suburb's denser cluster of sit-down restaurants, wine bars, and specialty grocers."
91,Glendale,AZ,Historic Downtown Glendale (Catlin Court),"The walkable old-town core with antique shops, independent cafes, bakeries, and the city's most concentrated local dining."
91,Glendale,AZ,Westgate Entertainment District,"Sports-and-entertainment hub by the stadiums anchoring bars, breweries, and casual restaurants, though more national than indie."
92,Garland,TX,Downtown Garland Historic District,"The square around the DART station holds the city's walkable indie restaurants, taprooms, and a growing slate of local eateries."
92,Garland,TX,Firewheel (Town Center area),Northeast retail-and-dining destination with the suburb's main concentration of restaurants and bars.
92,Garland,TX,Saturn Road / North Garland,"Strip-mall corridor known for outstanding Vietnamese, Mexican, and pan-Asian independents serving the diverse east-side population."
93,Scottsdale,AZ,Arcadia (border / 'ArcadiaLite'),"Affluent corridor along Indian School straddling Phoenix-Scottsdale, packed with buzzy farm-to-table restaurants, bakeries, and butcher shops."
93,Scottsdale,AZ,McCormick Ranch / Shea Corridor,"Central-Scottsdale neighborhood dining strip with neighborhood-favorite restaurants, wine shops, and casual indies."
93,Scottsdale,AZ,North Scottsdale (Kierland / Scottsdale Quarter),"Upscale shopping-district dining with steakhouses, wine bars, and chef restaurants serving the resort and golf set."
93,Scottsdale,AZ,Old Town Scottsdale,"The dense heart of the dining-and-nightlife scene with high-end restaurants, cocktail bars, wine shops, and chef-driven concepts."
93,Scottsdale,AZ,Scottsdale Waterfront / Southbridge,"Canal-side district with patio restaurants, cocktail lounges, and gelato linking Old Town to Fashion Square."
94,Norfolk,VA,Chelsea / Railroad District (West Ghent),"Up-and-coming warehouse pocket anchored by breweries, distilleries, and a butcher-and-cheese specialty scene."
94,Norfolk,VA,Downtown / Granby Street,"The central restaurant-row spine with chef-driven dining, breweries, and the NEON arts-district pockets."
94,Norfolk,VA,Ghent,"Norfolk's most beloved walkable district along Colley Avenue, dense with independent restaurants, wine bars, bakeries, and craft cocktail spots."
94,Norfolk,VA,Park Place / 35th Street,"Gentrifying neighborhood corridor drawing new indie cafes, restaurants, and craft beverage spots."
95,Boise,ID,Boise Bench (Vista / Depot Bench),"Up-and-coming corridor with breweries, taquerias, and emerging chef spots drawing the city's food-forward crowd."
95,Boise,ID,Downtown Boise / BoDo,"The dense core of the dining scene with chef-driven restaurants, wine bars, cocktail lounges, and the basque block."
95,Boise,ID,Garden City (Surel Mitchell Live-Work-Create District),"Industrial-turned-creative district packed with wineries, breweries, distilleries, and tasting-room food."
95,Boise,ID,Linen District,"Compact downtown-adjacent pocket of independent restaurants, coffee, and craft beverage with a design-forward feel."
95,Boise,ID,North End / Hyde Park,"Charming historic neighborhood village known for indie cafes, bakeries, and beloved neighborhood restaurants and pubs."
96,Fremont,CA,Centerville,"Dense, diverse strip of family-run Afghan, Indian, and Mexican restaurants plus markets and bakeries."
96,Fremont,CA,Irvington,Walkable downtown-style district known for its Afghan and Indian food cluster and neighborhood cafes.
96,Fremont,CA,Niles,"Historic walkable district with antique shops, indie cafes, a craft brewery, and small-batch eateries along Niles Boulevard."
96,Fremont,CA,Warm Springs / Pacific Commons,Newer dining and retail node anchoring South Fremont with sit-down restaurants and Asian grocers.
97,Spokane,WA,Browne's Addition,"Historic neighborhood with longtime indie restaurants, bars, and Elk-style neighborhood gathering spots."
97,Spokane,WA,Downtown / Riverside,"Core dining district with chef-driven restaurants, cocktail bars, and the Davenport hotel scene."
97,Spokane,WA,Garland District,"Vintage-flavored neighborhood with a beloved soda fountain, pizza, taproom, and local cafes."
97,Spokane,WA,Kendall Yards,"Redeveloped riverfront neighborhood packed with buzzy restaurants, wine bars, coffee roasters, and a popular night market."
97,Spokane,WA,South Perry District,"Hip, walkable strip of indie restaurants, a brewery, coffee shops, and a weekly farmers market."
98,Santa Clarita,CA,Canyon Country,"Everyday strip-mall dining corridor with taquerias, Asian eateries, and casual local favorites."
98,Santa Clarita,CA,Old Town Newhall,"Santa Clarita's main walkable arts-and-dining district with gastropubs, breweries, and independent restaurants."
98,Santa Clarita,CA,Valencia / Town Center,"Master-planned hub with the largest concentration of sit-down restaurants, wine bars, and the Patios dining row."
99,Baton Rouge,LA,Downtown / Beauregard Town,"Riverside core with upscale Creole-Cajun restaurants, cocktail lounges, and the downtown farmers market."
99,Baton Rouge,LA,Garden District,"Leafy historic neighborhood anchoring Perkins Road's eclectic indie restaurants, coffee, and bars."
99,Baton Rouge,LA,Mid City,"Trendiest food corridor along Government Street with chef-driven restaurants, craft cocktail bars, and bakeries."
99,Baton Rouge,LA,Perkins Road Overpass,"Compact entertainment pocket of longtime local restaurants, bars, and casual eateries."
99,Baton Rouge,LA,Southdowns,"Walkable neighborhood village with popular cafes, a deli, sushi, and neighborhood bars."
100,Richmond,VA,Carytown,"Walkable mile of independent restaurants, cafes, a famed cheese-and-specialty grocer, and boutiques."
100,Richmond,VA,Church Hill,"Gentrifying historic hilltop known for destination restaurants, a celebrated bakery, and neighborhood bistros."
100,Richmond,VA,Jackson Ward / Arts District,"Revitalized historic district with cocktail bars, soul food, and a growing dining-and-nightlife corridor along Broad Street."
100,Richmond,VA,Manchester,"Up-and-coming Southside warehouse district adding breweries, coffee roasters, and new restaurants."
100,Richmond,VA,Scott's Addition,Former industrial district now Richmond's breweries-distilleries-cideries hub with buzzy restaurants and tasting rooms.
100,Richmond,VA,The Fan / Lower Fan,"Historic neighborhood dense with acclaimed indie restaurants, wine bars, and chef-owned spots."
