name,city,state,website,vertical,source_strategy,source_url,evidence,date_added
Dirty Bacchus,Beacon,NY,https://www.dirtybacchus.com/,wine,press_awards_recent_momentum,https://punchdrink.com/articles/americas-best-specialty-wine-shops/,"Named to Punch's Best Specialty Wine Shops in America for its idiosyncratic natural wine collection spanning Lefkada, Quebec, Valais and the Loire.",2026-06-12
Domestique,Washington,DC,,wine,press_awards_recent_momentum,https://punchdrink.com/articles/americas-best-specialty-wine-shops/,Punch Best Specialty Wine Shops pick; all-natural-wine shop that stood out from its 2018 opening.,2026-06-12
Maine & Loire,Portland,ME,,wine,press_awards_recent_momentum,https://punchdrink.com/articles/americas-best-specialty-wine-shops/,Natural wine shop named among Punch's Best Specialty Wine Shops in America and Wine Enthusiast's best wine shops.,2026-06-12
Golden Age Wine,Mountain Brook,AL,,wine,press_awards_recent_momentum,https://www.wineenthusiast.com/culture/wine/best-american-wine-shops/,Wine Enthusiast pros' pick and Punch specialty-shop pick; shop/bar hybrid with sections for female winemakers and same-day delivery.,2026-06-12
The Cave DSM,Des Moines,IA,,wine,press_awards_recent_momentum,https://punchdrink.com/articles/americas-best-specialty-wine-shops/,Des Moines shop named among Punch's Best Specialty Wine Shops in America.,2026-06-12
Wild Child,Somerville,MA,,wine,press_awards_recent_momentum,https://punchdrink.com/articles/americas-best-specialty-wine-shops/,Somerville natural wine shop named among Punch's Best Specialty Wine Shops in America.,2026-06-12
Wine & Rocks,Yucca Valley,CA,,wine,small_market_local_dominance,https://punchdrink.com/articles/americas-best-specialty-wine-shops/,High-desert specialty shop named among Punch's Best Specialty Wine Shops in America.,2026-06-12
Chambers Street Wines,New York,NY,,wine,natural_wine_map,https://punchdrink.com/articles/best-natural-wine-bars-new-york-city-nyc/,"Punch calls it New York City's oldest and most influential natural wine shop, specializing in small artisanal Loire and Burgundy producers.",2026-06-12
Astor Wines & Spirits,New York,NY,,wine,best_of_city_list,https://www.chowhound.com/2103109/best-wine-shops-in-the-country/,"Greenwich Village independent staple since 1946 with 5,000+ wines and a temperature-controlled Cool Room, cited in national best-wine-shop coverage.",2026-06-12
The Wine House,Los Angeles,CA,,wine,best_of_city_list,https://www.chowhound.com/2103109/best-wine-shops-in-the-country/,"Independent LA shop with 6,000+ wines cited in national best-wine-shop roundups.",2026-06-12
Anfora Wine Merchants,Oak Park,IL,,wine,press_awards_recent_momentum,https://www.wineenthusiast.com/culture/wine/best-american-wine-shops/,"Specializes in indigenous Italian grape varieties with the largest Lazio collection outside Lazio, per national best-wine-shop coverage.",2026-06-12
The Boulder Wine Merchant,Boulder,CO,,wine,best_of_city_list,https://www.chowhound.com/2103109/best-wine-shops-in-the-country/,Master Sommelier-founded and MS-run (Brett Zimmerman) shop cited in national best-wine-shop coverage.,2026-06-12
MacArthur Beverages,Washington,DC,,wine,best_of_city_list,https://www.chowhound.com/2103109/best-wine-shops-in-the-country/,Generations-old DC wine resource repeatedly named Best Wine Shop in D.C. in national coverage.,2026-06-12
Grand Cata,Washington,DC,,wine,press_awards_recent_momentum,https://vinepair.com/articles/best-wine-shops-2018/,VinePair best-wine-shops pick; Latin American-focused selection since expanded to Old World regions.,2026-06-12
The Royce,Detroit,MI,,wine,press_awards_recent_momentum,https://vinepair.com/articles/best-wine-shops-2018/,"VinePair best-wine-shops pick; retail bottle shop (with bar/gastropub hybrid) stocking ~500 small-batch organic, biodynamic and low-intervention producers.",2026-06-12
Henry & Son,Minneapolis,MN,,wine,press_awards_recent_momentum,https://vinepair.com/articles/best-wine-shops-2018/,"VinePair best-wine-shops pick mixing traditional bottles with weird, obscure and wonderful wines.",2026-06-12
Bay Grape,Oakland,CA,,wine,press_awards_recent_momentum,https://imbibemagazine.com/best-wine-shops/,Featured in Imbibe's indie wine shop guide and VinePair's best shops; husband-and-wife-run shop with communal-table corkage culture.,2026-06-12
Liner & Elsen,Portland,OR,,wine,press_awards_recent_momentum,https://imbibemagazine.com/best-wine-shops/,Portland institution featured in Imbibe Magazine's guide to America's best indie wine shops.,2026-06-12
The Vineyard Wine Shop,Denver,CO,,wine,press_awards_recent_momentum,https://www.wineenthusiast.com/culture/travel/best-wine-shops-2023/,"Cherry Creek shop on Wine Enthusiast's Best Wine Shops in America 2023 list, with sommeliers matching wines to any budget.",2026-06-12
Paradis Books & Bread,North Miami,FL,,wine,press_awards_recent_momentum,https://www.wineenthusiast.com/culture/travel/best-wine-shops-2023/,Wine Enthusiast Best Wine Shops 2023 pick; wine retail plus cafe/books community hub in North Miami.,2026-06-12
Square Wine Company,Madison,WI,,wine,press_awards_recent_momentum,https://www.wineenthusiast.com/culture/wine/best-american-wine-shops/,Wine Enthusiast pros' pick; Andrea Hillsey curates small independent producers and hard-to-find gems.,2026-06-12
Cellar Masters,St. Petersburg,FL,,wine,press_awards_recent_momentum,https://www.wineenthusiast.com/culture/wine/best-american-wine-shops/,"Wine Enthusiast pros' pick specializing in well-priced minimal-intervention, mostly French wines.",2026-06-12
Happy Wine Calle Ocho,Miami,FL,,wine,press_awards_recent_momentum,https://www.wineenthusiast.com/culture/wine/best-american-wine-shops/,Wine Enthusiast pros' pick; retail shop with live music programming that makes wine fun and inclusive (shop/bar hybrid).,2026-06-12
FLG Terroir,Flagstaff,AZ,,wine,small_market_local_dominance,https://www.chowhound.com/2103109/best-wine-shops-in-the-country/,Chowhound 20-best-US pick with 500+ boutique labels and a Wine Spectator Best of Award of Excellence since 2018 (shop/bar hybrid).,2026-06-12
Perry's Provincetown,Provincetown,MA,,wine,small_market_local_dominance,https://www.chowhound.com/2103109/best-wine-shops-in-the-country/,Chowhound 20-best-US pick; Provincetown indie whose new Palm Springs outpost was voted USA Today's #1 Best Wine Shop.,2026-06-12
Wine Therapy,New York,NY,https://winetherapynyc.com/,wine,natural_wine_map,https://winetherapynyc.com/,"Pioneering Nolita natural wine shop founded 2005, stocking eclectic organic and biodynamic producers.",2026-06-12
Leisir,New York,NY,,wine,best_of_city_list,https://www.timeout.com/newyork/bars/best-wine-shops-in-nyc,Time Out coolest-NYC-wine-shops pick celebrating female winemakers and New York State vineyards.,2026-06-12
Flatiron Wines & Spirits,New York,NY,,wine,best_of_city_list,https://www.timeout.com/newyork/bars/best-wine-shops-in-nyc,Time Out NYC pick known for a robust Burgundy section plus natural wines at every price point.,2026-06-12
Manhattan Wine Company,New York,NY,,wine,best_of_city_list,https://www.timeout.com/newyork/bars/best-wine-shops-in-nyc,"NYC shop emphasizing small producers and unique finds, cited in best-NYC-wine-shop coverage.",2026-06-12
Peoples Wine,New York,NY,,wine,natural_wine_map,https://punchdrink.com/articles/best-natural-wine-bars-new-york-city-nyc/,Natural-wine shop/bar hybrid in the Market Line from the Wildair/Contra team (explicit retail component).,2026-06-12
Domaine LA,Los Angeles,CA,,wine,natural_wine_map,https://jordangassner.com/the-best-natural-wine-stores-in-los-angeles/,Jill Bernheimer's shop with one of LA's biggest natural wine selections and weekly tastings.,2026-06-12
Helen's Wines,Los Angeles,CA,,wine,natural_wine_map,https://jordangassner.com/the-best-natural-wine-stores-in-los-angeles/,Female-owned boutique bottle shop at Jon & Vinny's stocking California natural wines and European labels.,2026-06-12
KAMP Wines,Los Angeles,CA,,wine,natural_wine_map,https://jordangassner.com/the-best-natural-wine-stores-in-los-angeles/,Silver Lake shop with curated natural and organic wines priced under $40.,2026-06-12
Psychic Wines,Los Angeles,CA,,wine,natural_wine_map,https://jordangassner.com/the-best-natural-wine-stores-in-los-angeles/,Silver Lake shop with one of the best natural wine selections in Los Angeles.,2026-06-12
DIA Natural Wine,Los Angeles,CA,,wine,natural_wine_map,https://jordangassner.com/the-best-natural-wine-stores-in-los-angeles/,Mother-and-daughter-owned natural wine shop focused on organic farming and low/no-intervention winemaking.,2026-06-12
Good Clean Fun,Los Angeles,CA,,wine,natural_wine_map,https://jordangassner.com/the-best-natural-wine-stores-in-los-angeles/,Downtown LA natural wine shop (with restaurant hybrid) selling only wines made without pesticides or harmful chemicals.,2026-06-12
Silverlake Wine,Los Angeles,CA,,wine,natural_wine_map,https://www.tastingtable.com/1129072/the-best-wine-shops-in-los-angeles/,"Two-location LA indie with a vast natural, organic and biodynamic selection.",2026-06-12
Red & White Wines,Chicago,IL,,wine,natural_wine_map,https://www.timeout.com/chicago/shopping/the-best-wine-shops-in-chicago,Environmentally conscious Chicago shop specializing in natural pours and hard-to-find bottles.,2026-06-12
Diversey Wine,Chicago,IL,,wine,existing_club_transition,https://www.diverseywine.com/,"Logan Square natural wine shop running its own monthly wine club ($60/mo, two bottles with notes, free tasting and 10% off retail).",2026-06-12
Easy Does It,Chicago,IL,,wine,natural_wine_map,https://mysa.wine/blogs/no-mog-blog/where-to-find-natural-wine-in-chicago,Casual Chicago spot to sip or stock up on natural wines and specialty beverages.,2026-06-12
All Together Now,Chicago,IL,,wine,existing_club_transition,https://alltogethernow.fun/,Ukrainian Village natural wine shop/cheese counter whose monthly wine club members get scarce bottles and seasonal favorites.,2026-06-12
Verve Wine Chicago,Chicago,IL,https://chi.vervewine.com/,wine,best_of_city_list,https://chi.vervewine.com/,"Master Sommelier Dustin Wilson's independent Chicago shop, a fixture in best-Chicago-wine-shop coverage.",2026-06-12
Ruby Wine,San Francisco,CA,,wine,natural_wine_map,https://sanfranciscodrinksguide.com/en/blog/features-106/brands-108/leading-wine-shops-to-check-out-in-san-francisco-237.htm,"San Francisco's oldest natural wine shop, stocking organic and biodynamic wines made without additives.",2026-06-12
Flatiron Wines & Spirits SF,San Francisco,CA,https://sf.flatiron-wines.com/,wine,best_of_city_list,https://sanfranciscodrinksguide.com/en/blog/features-106/brands-108/leading-wine-shops-to-check-out-in-san-francisco-237.htm,SF shop known for rare Burgundy and boundary-pushing natural wines.,2026-06-12
Terroir Natural Wine Merchant,San Francisco,CA,,wine,natural_wine_map,https://sanfranciscodrinksguide.com/en/blog/features-106/brands-108/leading-wine-shops-to-check-out-in-san-francisco-237.htm,"Wine merchant (with bar hybrid) specializing in small natural and biodynamic producers, deep in Jura and Loire.",2026-06-12
Gemini Bottle Co.,San Francisco,CA,,wine,natural_wine_map,https://sanfranciscodrinksguide.com/en/blog/features-106/brands-108/leading-wine-shops-to-check-out-in-san-francisco-237.htm,SF bottle shop with a dedicated natural wine selection.,2026-06-12
Biondivino,San Francisco,CA,,wine,best_of_city_list,https://sanfranciscodrinksguide.com/en/blog/features-106/brands-108/leading-wine-shops-to-check-out-in-san-francisco-237.htm,Italian-focused SF boutique described as a living wine list with many organic and biodynamic options.,2026-06-12
Verve Wine SF,San Francisco,CA,https://sf.vervewine.com/,wine,best_of_city_list,https://sf.vervewine.com/,"Master Sommelier Dustin Wilson's independent SF shop, a fixture in best-SF-wine-shop coverage.",2026-06-12
Molly's Bottle Shop,Seattle,WA,,wine,existing_club_transition,https://www.emeraldpalate.com/best-seattle-wine-stores-and-shops/,Sunset Hill natural wine specialist that runs its own monthly wine club.,2026-06-12
Left Bank,Seattle,WA,,wine,natural_wine_map,https://www.emeraldpalate.com/best-seattle-wine-stores-and-shops/,Two-location wine bar/bottle shop hybrid making affordable natural wine accessible.,2026-06-12
Petit Soif,Seattle,WA,,wine,natural_wine_map,https://www.emeraldpalate.com/best-seattle-wine-stores-and-shops/,Beacon Hill bottle shop with a fun collection of natural wines.,2026-06-12
Imperfetta,Seattle,WA,,wine,natural_wine_map,https://www.emeraldpalate.com/best-seattle-wine-stores-and-shops/,Tiny natural wine shop on the Fremont canal cited among Seattle's best wine shops.,2026-06-12
Vinnie's Wine Shop,Seattle,WA,https://www.vinniesseattle.com/,wine,natural_wine_map,https://www.vinniesseattle.com/,Seattle natural wine bottle shop with 100+ natural wines (with bar/small-plates hybrid).,2026-06-12
Sebastiano's Natural Wines,Seattle,WA,,wine,natural_wine_map,https://www.raisin.digital/en/north-america/countries/united-states/washington/seattle/wine-shops/,Dedicated natural wine shop listed on Raisin's Seattle natural wine map.,2026-06-12
Petite Wine + Bottle Shop,Seattle,WA,,wine,natural_wine_map,https://www.raisin.digital/en/north-america/countries/united-states/washington/seattle/wine-shops/,Natural wine bottle shop listed on Raisin's Seattle natural wine map.,2026-06-12
Halfseas Wine & Bottle Shop,Seattle,WA,https://www.halfseaswine.com/,wine,existing_club_transition,https://www.halfseaswine.com/wine-club,Ballard bottle shop of small independent producers that already runs a monthly wine club with in-shop pickup.,2026-06-12
Ardor,Portland,OR,,wine,natural_wine_map,https://mysa.wine/blogs/no-mog-blog/where-to-find-natural-wine-portland-oregon,SE Belmont shop selling 100% natural wines from small local and international producers.,2026-06-12
Division Wines,Portland,OR,,wine,best_of_city_list,https://pdxrecs.substack.com/p/going-out-no-24-portlands-best-wine,Called wine shop exceptionalism in Portland best-wine-shop coverage for approachable service and quality sourcing.,2026-06-12
Bar Norman,Portland,OR,,wine,natural_wine_map,https://mysa.wine/blogs/no-mog-blog/where-to-find-natural-wine-portland-oregon,Dana Frank's natural wine bottle shop and bar hybrid on SE Division (explicit retail component).,2026-06-12
Vino Veritas,Portland,OR,,wine,natural_wine_map,https://mysa.wine/blogs/no-mog-blog/where-to-find-natural-wine-portland-oregon,Wine bar/bottle shop hybrid with over 400 wines including natural selections (explicit retail component).,2026-06-12
LoLo Wine,Austin,TX,,wine,natural_wine_map,https://www.austinchronicle.com/food/2023-05-26/where-to-find-natural-wine-in-austin/,East 6th natural wine destination selling bottles to go alongside its bar (explicit retail component).,2026-06-12
Little Tipsy,Austin,TX,,wine,natural_wine_map,https://mysa.wine/blogs/updates/where-to-find-natural-wine-austin-2024,Called the top spot for natural wine retail in Austin with deeply knowledgeable staff.,2026-06-12
Golden Hour Wine,Austin,TX,,wine,natural_wine_map,https://mysa.wine/blogs/updates/where-to-find-natural-wine-austin-2024,"South Austin wine bar-and-shop hybrid known for quality, authenticity-driven selections (explicit retail component).",2026-06-12
Cork & Screw,Austin,TX,,wine,natural_wine_map,https://www.austinchronicle.com/food/2023-05-26/where-to-find-natural-wine-in-austin/,East Austin bottle shop and tasting bar with a clear fondness for natural wines.,2026-06-12
Proof Wine & Spirits,Denver,CO,https://proofwinedenver.com/,wine,natural_wine_map,https://proofwinedenver.com/,"RiNo shop focused on small family producers making sustainable, organic, natural and biodynamic wine.",2026-06-12
Denver Wine Merchant,Denver,CO,https://denverwinemerchant.com/,wine,existing_club_transition,https://denverwinemerchant.com/pages/wine-club,"Sommelier-owned shop already running monthly wine clubs (three small-production wines for $99/mo, plus Burgundy and Piedmont clubs).",2026-06-12
Mondo Vino,Denver,CO,,wine,best_of_city_list,https://www.uncovercolorado.com/wine-stores-in-denver-co/,"Highlands indie since 1999 known for unique sourcing, complimentary cellar tastings and free local delivery.",2026-06-12
The Wine Bottega,Boston,MA,,wine,existing_club_transition,https://www.boston.com/culture/food/2021/09/25/where-to-find-natural-wine-around-boston/,North End shop selling exclusively natural wine since 2016 and running a 'Natty Wine Club' 3- or 6-bottle monthly subscription.,2026-06-12
Social Wines,Boston,MA,,wine,natural_wine_map,https://mysa.wine/blogs/no-mog-blog/where-to-find-natural-wine-in-boston,Well-curated independent shop cited in Boston natural wine guides.,2026-06-12
Neighborhood Wines,Boston,MA,,wine,natural_wine_map,https://mysa.wine/blogs/no-mog-blog/where-to-find-natural-wine-in-boston,"Boston shop pairing natural wines with local, seasonal, organic food.",2026-06-12
Urban Grape,Boston,MA,https://bos.theurbangrape.shop/,wine,existing_club_transition,https://bos.theurbangrape.shop/,Black- and woman-owned South End shop already running wine clubs from Urban Sampler to Urban Connoisseur tiers.,2026-06-12
Solar Myth Bottle Shop,Philadelphia,PA,,wine,natural_wine_map,https://www.phillymag.com/foobooz/natural-wine-philadelphia/,"Boutique bottle shop with one of Philadelphia's best natural wine lists, run by wine director Lauren Demers.",2026-06-12
Superette,Philadelphia,PA,,wine,natural_wine_map,https://www.phillymag.com/foobooz/natural-wine-philadelphia/,Chloe Grigri's Passyunk Avenue bar/bottle-shop hybrid from leaders of Philly's natural wine scene (explicit retail component).,2026-06-12
Richmond Bottle Shop,Philadelphia,PA,,wine,natural_wine_map,https://www.phillymag.com/foobooz/natural-wine-philadelphia/,Aramingo Ave shop with a notable range of organic and biodynamic natural wines.,2026-06-12
Fishtown Social,Philadelphia,PA,,wine,natural_wine_map,https://www.phillymag.com/foobooz/natural-wine-philadelphia/,Self-described 'Fishtown's OG spot for natural wine' with an attached micro wine shop (explicit retail component).,2026-06-12
Tinys Bottle Shop,Philadelphia,PA,,wine,natural_wine_map,https://www.phillymag.com/foobooz/natural-wine-philadelphia/,Shop behind the Lunar Inn carrying over 100 natural wines.,2026-06-12
320 Market & Cafe,Swarthmore,PA,,wine,small_market_local_dominance,https://www.paeats.org/feature/natural-wine-in-pennsylvania/,"Suburban market whose natural and organic wine selection is called among the best on the East Coast (Donkey & Goat, Eric Texier, Frank Cornelissen).",2026-06-12
Nido Wine Shop + Market,Washington,DC,,wine,natural_wine_map,https://mysa.wine/blogs/no-mog-blog/where-to-buy-natural-wine-washington-dc,"Mt Pleasant curated wine shop with gourmet market pairings, on DC natural wine maps.",2026-06-12
DCanter,Washington,DC,https://www.dcanterwines.com/,wine,best_of_city_list,https://www.dcanterwines.com/,"Capitol Hill wine boutique with organic/sustainable small producers, wine classes, tastings and a concierge service.",2026-06-12
Surdyk's,Minneapolis,MN,,wine,best_of_city_list,https://www.wineenthusiast.com/culture/wine/minneapolis-wine-destination/,Independently owned Minneapolis institution since 1934 cited in Wine Enthusiast's Minneapolis wine-scene feature.,2026-06-12
France 44 Wines & Spirits,Minneapolis,MN,,wine,best_of_city_list,https://www.wineenthusiast.com/culture/wine/minneapolis-wine-destination/,Top-rated independent Minneapolis wine shop cited in Wine Enthusiast's Minneapolis wine-scene coverage.,2026-06-12
Cork Dork Wine,Minneapolis,MN,,wine,best_of_city_list,https://www.wineenthusiast.com/culture/wine/minneapolis-wine-destination/,Top-rated independent Minneapolis wine store cited in city best-wine-shop coverage.,2026-06-12
Light Years Natural Wine Shop & Bar,Houston,TX,,wine,natural_wine_map,https://www.houstoniamag.com/eat-and-drink/houston-wine-stores-wine-bottles,"Montrose shop/bar hybrid called Houston's first all-natural wine bar, selling low-intervention bottles to go (explicit retail component).",2026-06-12
48 Hrs Wine Shop,Houston,TX,,wine,natural_wine_map,https://www.houstoniamag.com/eat-and-drink/houston-wine-stores-wine-bottles,Corner store with a heavily curated ~100-label natural wine selection and Sunday tastings.,2026-06-12
Padres Wine Bar + Shop,Houston,TX,https://padreswine.com/,wine,natural_wine_map,https://padreswine.com/,Houston bar-plus-shop with curated organic and natural wines from limited-production artisanal producers (explicit retail component).,2026-06-12
Neighborhood Cellar,Dallas,TX,,wine,best_of_city_list,https://www.papercitymag.com/restaurants/best-wine-stores-dallas/,Bishop Arts wine store/bar run by certified sommelier Ian Montgomery with an accessible Wine 101 series.,2026-06-12
The Meteor,Dallas,TX,,wine,natural_wine_map,https://www.dmagazine.com/food-drink/2021/07/5-places-in-dallas-to-sip-natural-wine/,Design District cafe/wine shop hybrid with an expansive natural wine selection to-go.,2026-06-12
Fond,Dallas,TX,,wine,natural_wine_map,https://www.papercitymag.com/restaurants/best-wine-stores-dallas/,Dallas bar-and-shop hybrid that has quickly become a favorite among the city's wine enthusiasts (explicit retail component).,2026-06-12
Elemental Spirits Co.,Atlanta,GA,,wine,natural_wine_map,https://mysa.wine/blogs/no-mog-blog/where-to-find-natural-wine-atlanta-2024-update,Atlanta independent with walls of naturally made wines from small producers.,2026-06-12
Perrine's Wine Shop,Atlanta,GA,https://perrineswine.com/,wine,existing_club_transition,https://perrineswine.com/pages/wine-club,"Atlanta shop focused on sustainable/organic/biodynamic family producers, already running Signature and Super monthly wine clubs.",2026-06-12
3 Parks Wine Shop,Atlanta,GA,,wine,existing_club_transition,https://3parkswine.com/pages/wine-club,Natural-leaning Atlanta shop already running a 4- or 6-bottle monthly wine club ($60-$90/mo) with member discounts and flights.,2026-06-12
Vine Fine Wine,Decatur,GA,,wine,natural_wine_map,https://mysa.wine/blogs/no-mog-blog/where-to-find-natural-wine-atlanta-2024-update,"Decatur natural wine shop stocking only low-intervention, sustainable wines.",2026-06-12
Press Shop,Atlanta,GA,,wine,natural_wine_map,https://mysa.wine/blogs/no-mog-blog/where-to-find-natural-wine-atlanta-2024-update,"Carefully curated natural wine selection in a shop that pairs bottles with books, gifts and art.",2026-06-12
Lucio/Wine Shop,Miami,FL,,wine,natural_wine_map,https://vintnerproject.com/wine/6-natural-wine-hotspots-in-miami/,"One of Miami's original natural wine shops, chef-owned and voted Best Wine Shop by Miami New Times readers.",2026-06-12
Sobremesa,Miami Shores,FL,,wine,natural_wine_map,https://vintnerproject.com/wine/6-natural-wine-hotspots-in-miami/,"Miami Shores shop specializing in organic, biodynamic and small-production natural wines, with tasting events and workshops.",2026-06-12
Woodland Wine Merchant,Nashville,TN,https://www.woodlandwinemerchant.com/,wine,natural_wine_map,https://www.raisin.digital/en/explore/united-states/tennessee/venues/woodland-wine-merchant-1112/,East Nashville bottle shop focused on artisan producers practicing natural and sustainable methods.,2026-06-12
Harvest Wine Market,Nashville,TN,https://harvestwinemarket.com/,wine,best_of_city_list,https://harvestwinemarket.com/,"Belle Meade shop curating sustainably grown wines from renowned and emerging producers, with weekly Sunday tastings.",2026-06-12
Really Really Nice Wines,New Orleans,LA,https://www.reallyreallynicewines.com/,wine,natural_wine_map,https://www.reallyreallynicewines.com/,Uptown shop (with natural wine bar) where everything comes from small independent growers using minimal intervention.,2026-06-12
Faubourg Wines,New Orleans,LA,https://www.faubourgwines.com/,wine,natural_wine_map,https://www.faubourgwines.com/,"Retail shop since 2012 specializing in small-production naturally crafted wines, with regular tastings and education.",2026-06-12
Spirit Wine,New Orleans,LA,,wine,natural_wine_map,https://mysa.wine/blogs/no-mog-blog/where-to-find-natural-wine-new-orleans,New Orleans shop with an emphasis on minimal-intervention natural wines and sustainability.,2026-06-12
Keife & Co.,New Orleans,LA,,wine,best_of_city_list,https://www.wineenthusiast.com/culture/travel/a-wine-lovers-guide-to-new-orleans/,Curated CBD wine-and-gourmet shop cited in Wine Enthusiast's wine lover's guide to New Orleans.,2026-06-12
Sauvage Wine Bar and Shop,Phoenix,AZ,https://www.sauvagephx.com/,wine,natural_wine_map,https://www.sauvagephx.com/,All-natural and biodynamic wine shop/bar hybrid named Best Wine Bar in Phoenix with the city's most thrilling low-intervention retail selection.,2026-06-12
Hidden Track Bottle Shop,Phoenix,AZ,,wine,best_of_city_list,https://www.phoenixnewtimes.com/restaurants/the-best-wine-shops-in-metro-phoenix-7494665,"Phoenix New Times best-wine-shop pick specializing in small-production wines outside mainstream distribution, including Arizona producers.",2026-06-12
Atlas Wines,Scottsdale,AZ,,wine,best_of_city_list,https://www.phoenixnewtimes.com/restaurants/where-to-buy-arizona-wines-in-phoenix-21259593,Scottsdale indie shop known for consistently stocking local Arizona wines.,2026-06-12
Clos Wine Shop,San Diego,CA,,wine,natural_wine_map,https://mysa.wine/blogs/no-mog-blog/where-to-find-natural-wine-san-diego-2024-update,"University Heights shop specializing in natural, organic and biodynamic wines from small sustainable producers.",2026-06-12
Vino Carta,San Diego,CA,https://www.vinocartasd.com/,wine,natural_wine_map,https://www.vinocartasd.com/,Little Italy wine shop (and bar) known for natural and small-production wines.,2026-06-12
The Rose Wine Bar & Bottle Shop,San Diego,CA,,wine,natural_wine_map,https://mysa.wine/blogs/no-mog-blog/where-to-find-natural-wine-san-diego-2024-update,South Park natural wine bar that doubles as a retail wine shop with bottles to take home (explicit retail component).,2026-06-12
Old Woodward Cellar,Birmingham,MI,,wine,best_of_city_list,https://www.hourdetroit.com/drinks-beverages/wine-shops-to-check-out-in-metro-detroit/,Metro Detroit shop staffed by wine enthusiasts hosting dozens of tastings a year.,2026-06-12
House of Pure Vin,Detroit,MI,https://houseofpurevin.com/,wine,best_of_city_list,https://houseofpurevin.com/,"Downtown Detroit experiential wine retail with curation by origin, style, organic and sustainable attributes.",2026-06-12
Parker's Table,St. Louis,MO,,wine,best_of_city_list,https://www.saucemagazine.com/drink-2/11-places-in-st-louis-to-shop-for-wine-like-a-sommelier-17333470/,Jon Parker's specialty wine store stocking low-intervention wines and regional classics.,2026-06-12
St. Louis Wine Market,Des Peres,MO,https://www.stlwinemarket.com/,wine,best_of_city_list,https://www.stlmag.com/dining/top-wine-stores-in-st-louis/,13-year-old independent wine market named among St. Louis's top wine stores.,2026-06-12
Starrs,Richmond Heights,MO,,wine,best_of_city_list,https://www.stlmag.com/dining/top-wine-stores-in-st-louis/,Locally owned since 1979 with carefully curated age-worthy wines and cheese.,2026-06-12
Grand Spirits Bottle Co.,St. Louis,MO,,wine,natural_wine_map,https://www.stlmag.com/culture/travel/where-to-enjoy-natural-wine-in-st-louis-and-beyond/,Prime St. Louis stop for low-intervention wines with bottles to go.,2026-06-12
St. Louis Cellar,Des Peres,MO,,wine,best_of_city_list,https://www.stlmag.com/dining/top-wine-stores-in-st-louis/,Small independent shop with impressive global wines and regular tastings.,2026-06-12
Bond Street Wines,Charlotte,NC,,wine,natural_wine_map,https://www.raisin.digital/en/explore/united-states/north-carolina/charlotte/venues/wine-shops/,Center-city Charlotte shop with a huge natural wine selection.,2026-06-12
Frenchy's Sip and Shop,Charlotte,NC,,wine,natural_wine_map,https://mysa.wine/blogs/no-mog-blog/where-to-find-natural-wine-in-north-carolina-and-south-carolina,South End sip-and-shop opened July 2024 with more than 700 natural wines and craft beers.,2026-06-12
Angels Ate Lemons,Baltimore,MD,,wine,natural_wine_map,https://www.thebanner.com/culture/things-to-do/baltimore-win-spots-PGBUSGG3BVG7JFOQNEFBZHOZDI/,Lane Harlan and Matthew Pierce's hidden bottle shop selling primarily low-intervention natural wine.,2026-06-12
Remington Wine Company,Baltimore,MD,,wine,natural_wine_map,https://www.thebanner.com/culture/things-to-do/baltimore-win-spots-PGBUSGG3BVG7JFOQNEFBZHOZDI/,Husband-and-wife-run neighborhood shop with an impressive natural wine collection and twice-weekly tastings.,2026-06-12
The Wine Source,Baltimore,MD,,wine,best_of_city_list,https://www.gayot.com/wines/best-wine-stores-in-baltimore-md/,"Hampden independent with an expansive, carefully curated selection, cited among Baltimore's best wine stores.",2026-06-12
Apteka Bottle Shop,Pittsburgh,PA,,wine,natural_wine_map,https://www.pghcitypaper.com/food-drink/five-local-pittsburgh-shops-to-buy-bottles-of-natural-wine-18568754,Pittsburgh City Paper pick functioning as a natural wine bottle shop for wine geeks and the natural-curious (restaurant hybrid).,2026-06-12
Solera Wine Shop & Bar,Pittsburgh,PA,,wine,natural_wine_map,https://pittsburgh.citycast.fm/food-drink/best-places-drink-wine-pittsburgh,"Bar-and-bottle-shop hybrid with a lengthy funky list spanning bubbles, orange and natural wines (explicit retail component).",2026-06-12
P'Vino,Pittsburgh,PA,,wine,best_of_city_list,https://www.pghcitypaper.com/food-drink/five-local-pittsburgh-shops-to-buy-bottles-of-natural-wine-18568754,Shadyside indie selling natural wine and bottles beyond state-store offerings.,2026-06-12
Gentile's Wine Sellers,Columbus,OH,,wine,natural_wine_map,https://www.yelp.com/search?find_desc=Natural+Wine+Store&find_loc=Columbus,+OH,Named among the top natural wine stores in Columbus.,2026-06-12
Meza Wine Shop,Columbus,OH,,wine,natural_wine_map,https://www.yelp.com/search?find_desc=Natural+Wine+Store&find_loc=Columbus,+OH,Named among the top natural wine stores in Columbus.,2026-06-12
Thirst Wine Merchants,Brooklyn,NY,https://thirstmerchants.com/,wine,natural_wine_map,https://thirstmerchants.com/,Fort Greene natural wine store run by a husband-and-wife team working with independent winemakers on rotating small-batch selections.,2026-06-12
Sauced,Brooklyn,NY,,wine,natural_wine_map,https://mysa.wine/blogs/no-mog-blog/where-to-find-natural-wine-in-brooklyn-nyc,Bedford Ave shop with a well-curated natural wine selection showcasing organic and biodynamic producers.,2026-06-12
Blanc & Rouge,Brooklyn,NY,,wine,natural_wine_map,https://mysa.wine/blogs/no-mog-blog/where-to-find-natural-wine-in-brooklyn-nyc,DUMBO wine shop (with bar) specializing in curated organic and biodynamic natural wines.,2026-06-12
Corkscrew Wines Brooklyn,Brooklyn,NY,,wine,natural_wine_map,https://www.purewow.com/wine/wine-shops-brooklyn,Neighborhood institution with a heavy focus on biodynamic artisanal bottles.,2026-06-12
Slope Cellars,Brooklyn,NY,,wine,best_of_city_list,https://www.purewow.com/wine/wine-shops-brooklyn,Park Slope shop with an impressive French selection and free tastings Thursday through Sunday.,2026-06-12
Vine Wine,Brooklyn,NY,,wine,natural_wine_map,https://www.purewow.com/wine/wine-shops-brooklyn,"Williamsburg shop focused on natural, organic and artisanal wines at all price points.",2026-06-12
Minimo Wine Shop,Oakland,CA,,wine,natural_wine_map,https://www.7x7.com/where-to-taste-natural-wine-california-2644907652/minimo-a-beloved-natural-wine-shop-in-oakland,"Jack London Square shop committed to small-batch, organic and biodynamic producers, with twice-weekly winemaker tastings.",2026-06-12
Oakland Yard,Oakland,CA,,wine,natural_wine_map,https://www.yelp.com/search?find_desc=Natural+Wine+Shop&find_loc=Oakland%2C+CA,Highly rated Oakland natural wine shop in the city's progressive wine scene.,2026-06-12
Wine on Piedmont,Oakland,CA,,wine,natural_wine_map,https://www.yelp.com/search?find_desc=Natural+Wine+Shop&find_loc=Oakland%2C+CA,Neighborhood Oakland shop rated among the city's best for natural wine.,2026-06-12
Kermit Lynch Wine Merchant,Berkeley,CA,,wine,importer_street_cred,https://www.yelp.com/search?find_desc=Natural+Wine+Store&find_loc=Berkeley,+CA,"Legendary 45-year-old Berkeley retail shop of importer Kermit Lynch, specializing in small artisanal French and Italian producers.",2026-06-12
Underdog Wine Co.,Kansas City,MO,,wine,best_of_city_list,https://www.visitkc.com/visitors/things-do/shopping/kansas-citys-top-wine-shops,Family-owned neighborhood shop with 400+ hand-tasted wines and a growing natural and orange wine selection.,2026-06-12
Cellar Rat Wine Merchants,Kansas City,MO,,wine,best_of_city_list,https://www.visitkc.com/visitors/things-do/shopping/kansas-citys-top-wine-shops,"KC independent with 1,000+ wines plus artisan cheese and charcuterie.",2026-06-12
Hart & Cru,Cincinnati,OH,https://hartandcru.com/,wine,existing_club_transition,https://hartandcru.com/,Sommelier Kevin Hart's Over-the-Rhine bottle shop and tasting room that already runs its own wine clubs with tastings and events.,2026-06-12
The Wine Spot,Cleveland Heights,OH,,wine,natural_wine_map,https://www.yelp.com/search?find_desc=Natural+Wine+Store&find_loc=Cleveland,+OH,Independent Cleveland Heights shop listed among the city's top natural wine stores.,2026-06-12
Patron Saint Cleveland,Cleveland,OH,https://www.patronsaintcle.com/bottle-shop,wine,natural_wine_map,https://www.patronsaintcle.com/bottle-shop,"Bottle shop curating mostly natural, low-intervention and organic Italian producers.",2026-06-12
Betty,Sacramento,CA,,wine,natural_wine_map,https://chandlerframe.substack.com/p/the-best-places-to-enjoy-natural,Southside Park wine bar and bottle shop specializing in natural wines (explicit retail component).,2026-06-12
Nico Wine,Sacramento,CA,https://www.nicowine.co/,wine,natural_wine_map,https://www.nicowine.co/,R Street natural wine bar and shop pouring curated flights from sparkling to orange (explicit retail component).,2026-06-12
Beyond Napa Wine Merchants,Sacramento,CA,https://beyondnapa.net/,wine,best_of_city_list,https://beyondnapa.net/,"Independent Sacramento shop curating local, small-production, natural and organic wines from around the globe.",2026-06-12
Celladora Wines,Richmond,VA,,wine,natural_wine_map,https://www.instagram.com/celladorawines/?hl=en,Richmond natural wine shop and bar on N. Lombardy St (explicit retail component).,2026-06-12
Penny's Wine Shop,Richmond,VA,https://pennysrva.com/,wine,natural_wine_map,https://pennysrva.com/,Richmond bottle shop pouring natural wine by the glass alongside retail bottles.,2026-06-12
RichWine RVA,Richmond,VA,https://www.richwinerva.com/shop,wine,natural_wine_map,https://www.richwinerva.com/shop,"Richmond shop offering natural, biodynamic, organic and sustainable wines with free local delivery.",2026-06-12
LouElla Wine Beer & Beverage,Durham,NC,https://durham.wine/,wine,natural_wine_map,https://durham.wine/Natural-Wine-c52365408,Durham shop with a dedicated natural wine program and Triangle-wide delivery.,2026-06-12
The Wine Feed,Raleigh,NC,https://thewinefeed.com/,wine,natural_wine_map,https://thewinefeed.com/collections/wine/natural-wine,Downtown Raleigh wine shop with a curated natural wine collection.,2026-06-12
Chapel Hill Wine Company,Chapel Hill,NC,https://www.chapelhillwinecompany.com/,wine,best_of_city_list,https://www.chapelhillwinecompany.com/,Independent Chapel Hill wine store serving the Triangle area.,2026-06-12
Wine Authorities,Durham,NC,https://www.wineauthorities.com/,wine,best_of_city_list,https://www.wineauthorities.com/,Independent Durham shop listed among Triangle-area wine stores known for small-producer curation.,2026-06-12
Triangle Wine Company,Cary,NC,https://trianglewineco.com/,wine,natural_wine_map,https://trianglewineco.com/,"Independent NC fine-wine retailer (3 locations) carrying natural, organic and vegan wines.",2026-06-12
Nonfiction Natural Wines,Milwaukee,WI,,wine,natural_wine_map,https://www.yelp.com/biz/nonfiction-natural-wines-milwaukee,"Wisconsin's first exclusively natural wine store (opened 2019), packing 250 natural wines into a 500-sq-ft shop; also a Wine Enthusiast best-shops pick.",2026-06-12
Strange Town Bottle Shop,Milwaukee,WI,,wine,natural_wine_map,https://3rdstmarkethall.com/locations/all-vendors/strangetown,"Retail sibling of Milwaukee's first natural wine bar, focused on natural wine by the bottle and glass.",2026-06-12
Brooklyn Wine Exchange,Brooklyn,NY,https://www.brooklynwineexchange.com/,wine,existing_club_transition,https://www.brooklynwineexchange.com/join/wine-of-the-month,Independent Boerum Hill shop already operating a Wine of the Month club membership.,2026-06-12
Bin Bin Sake,Brooklyn,NY,https://binbinsake.com/,wine,existing_club_transition,https://binbinsake.com/products/bin-bin-2-bottle-subscription,Williamsburg sake-and-natural-wine bottle shop with a monthly two-bottle subscription including tasting notes and producer stories.,2026-06-12
Verve Wine NYC,New York,NY,https://ny.vervewine.com/,wine,existing_club_transition,https://ny.vervewine.com/pages/wine-club,Master Sommelier-founded NYC shop running the Grand Tour monthly wine club with member benefits.,2026-06-12
Compline Wine Shop,Napa,CA,https://complinewine.com/,wine,existing_club_transition,https://complinewine.com/collections/wine-clubs,Napa wine shop with a Monthly Pickup Club (two bottles plus event discounts) run by its sommelier team.,2026-06-12
Champion Wine Cellars,Seattle,WA,https://www.championwinecellars.com/,wine,existing_club_transition,https://www.championwinecellars.com/,"Seattle's oldest independent wine store (Greenwood, French specialty) offering a monthly wine club.",2026-06-12
Pike and Western Wine Shop,Seattle,WA,https://www.pikeandwestern.com/,wine,existing_club_transition,https://www.pikeandwestern.com/wine-clubs,Pike Place Market institution with monthly wine club selections ready for pickup the first of each month.,2026-06-12
Flor Wines,Portland,OR,https://florwines.com/,wine,existing_club_transition,https://florwines.com/,NW Glisan shop running multiple wine club tiers including The 2 Shades Club and The Whole Bunch Club.,2026-06-12
Parallel PDX,Portland,OR,https://www.parallelpdx.com/,wine,existing_club_transition,https://www.parallelpdx.com/wine-club,Portland shop whose sommelier Stacey Gibson hand-picks a two-bottle monthly wine club ($55/mo).,2026-06-12
MetroBottle,Atlanta,GA,https://metrobottle.com/,wine,existing_club_transition,https://metrobottle.com/pages/wineclub,Atlanta shop with a first-Friday tasting-based wine club and 10% member discount.,2026-06-12
Edmund's Oast Exchange,Charleston,SC,https://edmundsoast.com/exchange-wine-club/,wine,existing_club_transition,https://edmundsoast.com/exchange-wine-club/,Charleston wine-and-beer bottle shop whose wine club readies 3 bottles for first-of-month pickup with 15% member discount.,2026-06-12
Vintage Lounge,Charleston,SC,https://www.vintagechs.com/,wine,existing_club_transition,https://www.vintagechs.com/shop/p/wine-club,Charleston fine-wine bar with retail shop wine club (explicit retail-hybrid component).,2026-06-12
Henry's Wine & Spirit,Brooklyn,NY,https://henrys.nyc/,wine,importer_street_cred,https://henrys.nyc/pages/importer-pages,"Natural wine shop with a heavy small-producer focus that stocks Louis/Dressner, Jenny & Francois and Zev Rovine importer portfolios.",2026-06-12
The Wine Store,Marlboro,NJ,https://thewinestoremarlboro.com/,wine,importer_street_cred,https://thewinestoremarlboro.com/collections,New Jersey indie carrying Louis/Dressner and Selection Massale importer portfolios.,2026-06-12
Jug & Bottle Dept.,Tampa,FL,https://www.jugandbottledept.com/,wine,natural_wine_map,https://www.jugandbottledept.com/wines,"Hybrid wine bar/shop with one of Tampa's most expansive natural wine selections, focused on low-intervention and biodynamic producers.",2026-06-12
Geraldine's Natural Wine,San Antonio,TX,,wine,natural_wine_map,https://www.raisin.digital/en/north-america/countries/united-states/texas/san-antonio/,"San Antonio natural wine shop stocking organic and biodynamic selections, listed on Raisin's natural wine map.",2026-06-12
Kingston Wine Co.,Kingston,NY,,wine,natural_wine_map,https://www.chronogram.com/food-drink/natural-wine-shops-in-the-hudson-valley-11920168,"Rondout District shop focused exclusively on natural, organic and biodynamic wines since 2013, from Georgia to the Finger Lakes.",2026-06-12
Upstream Wine & Spirits,Livingston Manor,NY,https://shop.upstreamwine.com/,wine,small_market_local_dominance,https://www.chronogram.com/food-drink/natural-wine-shops-in-the-hudson-valley-11920168,Western Catskills shop featuring a whole host of organic and biodynamic wines.,2026-06-12
Artisan Wine Shop,Beacon,NY,,wine,small_market_local_dominance,https://www.chronogram.com/food-drink/natural-wine-shops-in-the-hudson-valley-11920168,"Beacon shop since 2006 named among Hudson Valley's best wine stores for its global, value-driven curation.",2026-06-12
Ester Wine & Spirits,Kingston,NY,,wine,natural_wine_map,https://www.chronogram.com/food-drink/natural-wine-shops-in-the-hudson-valley-11920168,"Kingston newcomer with a fun, nervy natural wine selection and strong Beaujolais bench.",2026-06-12
Metro Wines,Asheville,NC,https://metrowinesasheville.com/,wine,natural_wine_map,https://metrowinesasheville.com/natural-wine-shop-asheville-nc,Asheville destination shop with a dedicated natural wine program.,2026-06-12
Table Wine,Asheville,NC,https://tablewineasheville.com/,wine,natural_wine_map,https://tablewineasheville.com/,South Asheville neighborhood wine store with a strong natural wine selection.,2026-06-12
Cultura,Asheville,NC,,wine,natural_wine_map,https://mountainx.com/food/the-natural-wine-movement-gains-momentum-in-asheville/,Coxe Avenue wine shop focused on natural and artisanal wines with sustainable practices.,2026-06-12
Crocodile Wine,Asheville,NC,https://www.crocodilewine.com/,wine,natural_wine_map,https://www.crocodilewine.com/,Sells only natural wine - the only all-natural wine shop in North Carolina.,2026-06-12
Appalachian Vintner,Asheville,NC,,wine,natural_wine_map,https://golocalasheville.com/business/appalachian-vintner,"Asheville's largest craft beer and fine wine store with 3,500+ hand-selected bottles including organic, natural and biodynamic wines.",2026-06-12
Inherent Vine,Portland,ME,,wine,natural_wine_map,https://www.raisin.digital/en/north-america/countries/united-states/state-of-maine/wine-shops/,Portland ME natural wine shop with organic and biodynamic selections on Raisin's map.,2026-06-12
Bar Renee,Burlington,VT,,wine,natural_wine_map,https://www.raisin.digital/en/explore/united-states/vermont/burlington/,"Burlington wine shop with a natural wine selection on Raisin's map (bar-style name, retail venue).",2026-06-12
Campus Fine Wines,Providence,RI,https://www.campusfinewines.com/,wine,natural_wine_map,https://www.campusfinewines.com/,"East Side Providence shop focused on small-production, organic producers.",2026-06-12
Eno Fine Wines,Providence,RI,,wine,natural_wine_map,https://www.yelp.com/search?find_desc=Natural+Wine+Store&find_loc=Providence%2C+RI,Providence shop listed among the city's natural wine options.,2026-06-12
Riverview Wine Beer & Spirits,Jersey City,NJ,,wine,natural_wine_map,https://jerseycityupfront.com/riverview-wine-brings-natural-wine-to-jersey-city/,"Jersey City Heights shop specializing in natural, organic, biodynamic and sustainable wines.",2026-06-12
Madame Claude Wine,Jersey City,NJ,,wine,natural_wine_map,https://thedigestonline.com/new-jersey/natural-wine-in-jersey-city/,"Jersey City shop where most wines are organic, with staff steering customers to natural options.",2026-06-12
CoolVines,Jersey City,NJ,https://powerhouse.coolvines.com/,wine,natural_wine_map,https://thedigestonline.com/new-jersey/natural-wine-north-jersey/,"Small NJ indie group (Jersey City/Newark/Hoboken) with a huge organic, biodynamic and natural wine selection.",2026-06-12
Amanti Vino,Montclair,NJ,,wine,best_of_city_list,https://www.themontclairgirl.com/wine-store-montclair-nj-amanti-vino/,"Award-winning Montclair staple for 18 years with a huge focus on organic, biodynamic and naturally made wines.",2026-06-12
Sparrow Wine Company,Hoboken,NJ,,wine,best_of_city_list,https://thedigestonline.com/new-jersey/natural-wine-north-jersey/,Hoboken fine-wine shop since 1986 stocking natural selections.,2026-06-12
The Breeze Wine Bar & Spirits,Indianapolis,IN,https://www.thebreezewine.com/,wine,natural_wine_map,https://www.thebreezewine.com/,"Neighborhood specialty shop focused on natural, eccentric, small-producer wines (with bar hybrid).",2026-06-12
Mass Ave Wine,Indianapolis,IN,,wine,best_of_city_list,https://www.yelp.com/search?find_desc=Wine+Store&find_loc=Indianapolis,+IN,Listed among Indianapolis's top wine stores.,2026-06-12
Cork & Cracker,Indianapolis,IN,,wine,best_of_city_list,https://www.yelp.com/search?find_desc=Wine+Store&find_loc=Indianapolis,+IN,Independent shop listed among Indianapolis's top wine stores.,2026-06-12
Kahn's Fine Wines & Spirits,Indianapolis,IN,https://www.kahnsfinewines.com/,wine,best_of_city_list,https://www.kahnsfinewines.com/,Long-running independent Indianapolis fine wine store.,2026-06-12
Vines Wine Bar & Spirit Shop,Louisville,KY,,wine,best_of_city_list,https://www.tripadvisor.com/Attraction_Review-g39604-d2555749-Reviews-Vines_Wine_Bar_Spirit_Shop-Louisville_Kentucky.html,Douglass Loop shop/bar hybrid with a good retail bottle selection and on-site tasting.,2026-06-12
Lou Wine Shop,Lexington,KY,https://louwineshop.com/,wine,natural_wine_map,https://louwineshop.com/,Lexington shop specializing in natural and unusual wines.,2026-06-12
Idle Wine & Goods,Omaha,NE,https://drinkshopidle.com/,wine,natural_wine_map,https://www.raisin.digital/en/idle-wine-goods-24026/,"Omaha's first Raisin-approved destination for organic and biodynamic wines, in Little Bohemia.",2026-06-12
La Buvette,Omaha,NE,https://www.labuvetteomaha.com/,wine,best_of_city_list,https://www.labuvetteomaha.com/,Old Market wine bar & grocery institution with a serious retail wine wall (explicit retail component).,2026-06-12
Sip & Say Craft Wine & Spirits,Merrick,NY,,wine,natural_wine_map,https://www.bestoflongisland.com/best-wine-store-on-long-island/,"Sommelier-founded Long Island shop curating organic, biodynamic, natural and small-batch wines; Best of Long Island pick.",2026-06-12
Hamptons Wine Shoppe,Westhampton Beach,NY,,wine,small_market_local_dominance,https://www.yelp.com/biz/hamptons-wine-shoppe-westhampton-beach,Westhampton Beach shop with sommeliers on site and free delivery across the Hamptons.,2026-06-12
Love Lane Wine Shop,Mattituck,NY,,wine,small_market_local_dominance,https://ediblecommunities.com/wine/long-island-wine-guide/,North Fork shop featured in Edible's Long Island sustainable wine guide for stocking local sustainable producers.,2026-06-12
Wally's Wine & Spirits,Los Angeles,CA,,wine,best_of_city_list,https://www.theinfatuation.com/los-angeles/guides/the-best-wine-shops-in-la,Independent LA institution with massive floor-to-ceiling selection and cellar-temperature storage (Santa Monica and Beverly Hills).,2026-06-12
Lou Wine,Los Angeles,CA,,wine,natural_wine_map,https://www.theinfatuation.com/los-angeles/guides/the-best-wine-shops-in-la,"Los Feliz shop specializing in unusual wines - medieval grape varieties, Basque whites and German bottles mostly $15-$30.",2026-06-12
Eve Wine Shop,Los Angeles,CA,,wine,natural_wine_map,https://www.theinfatuation.com/los-angeles/guides/the-best-wine-shops-in-la,Echo Park bottle shop ranging from super-funky natural to traditional and high-end French.,2026-06-12
Good Luck Wine Shop,Pasadena,CA,,wine,natural_wine_map,https://www.theinfatuation.com/los-angeles/guides/the-best-wine-shops-in-la,"Pasadena shop selling natural and small-production wines from around the world, with its own in-house Vin de California label.",2026-06-12
The Natural Wine Company,Brooklyn,NY,,wine,natural_wine_map,https://www.raisin.digital/en/explore/united-states/new-york/new-york-city/brooklyn-1/venues/wine-shops/,Greenpoint shop named among Brooklyn's top natural wine stores.,2026-06-12
Vanderbilt Wine Merchants,Brooklyn,NY,,wine,natural_wine_map,https://www.raisin.digital/en/explore/united-states/new-york/new-york-city/brooklyn-1/venues/wine-shops/,Prospect Heights shop named among Brooklyn's top natural wine stores.,2026-06-12
Orange Glou,New York,NY,,wine,natural_wine_map,https://www.raisin.digital/en/explore/united-states/new-york/new-york-city/brooklyn-1/venues/wine-shops/,Orange-wine-only shop named among NYC's top natural wine stores.,2026-06-12
Dandelion Wine Shop,Brooklyn,NY,,wine,natural_wine_map,https://www.purewow.com/wine/wine-shops-brooklyn,Greenpoint go-to with a heavy focus on biodynamic artisanal bottles.,2026-06-12
Wanderlust Delicato,Spokane,WA,,wine,best_of_city_list,https://www.yelp.com/search?find_desc=Wine+Shop&find_loc=Spokane,+WA,Named among Spokane's top wine shops.,2026-06-12
Ground Control Wines,Ann Arbor,MI,,wine,natural_wine_map,https://www.raisin.digital/en/explore/united-states/michigan/venues/wine-shops/,New Ann Arbor shop selling exclusively natural wine.,2026-06-12
Everyday Wines,Ann Arbor,MI,https://everyday-wines.com/,wine,best_of_city_list,https://everyday-wines.com/,Independent Kerrytown Market wine shop in Ann Arbor.,2026-06-12
Ritual Wines,Grand Rapids,MI,,wine,natural_wine_map,https://www.raisin.digital/en/explore/united-states/michigan/venues/wine-shops/,Grand Rapids wine shop with a natural wine selection on Raisin's map.,2026-06-12
Good Good Good,Grand Rapids,MI,,wine,natural_wine_map,https://www.raisin.digital/en/explore/united-states/michigan/venues/wine-shops/,Grand Rapids bar-and-wine-shop hybrid with a natural wine selection (explicit retail component).,2026-06-12
Ordinaire Wine Shop & Wine Bar,Oakland,CA,,wine,natural_wine_map,https://punchdrink.com/articles/best-wine-bars-shops-oakland-california/,"Grand Avenue shop/bar that has driven the Bay Area natural wine movement since 2013, with winemaker nights and a huge natural selection.",2026-06-12
The Punchdown,Oakland,CA,https://www.punchdownwine.com/,wine,natural_wine_map,https://www.punchdownwine.com/,"Oakland's first natural wine bar + bottle shop, pouring natural and biodynamic wines (explicit retail component).",2026-06-12
Harvest Wine & Spirits,Boulder,CO,,wine,natural_wine_map,https://www.rawwine.com/profile/harvest-wine-spirits,Small Boulder shop that promotes natural wine above all else (RAW WINE profile).,2026-06-12
West End Wine Shop,Boulder,CO,,wine,natural_wine_map,https://www.raisin.digital/en/explore/united-states/colorado/boulder/natural-wines/,Boulder shop listed among the city's natural wine destinations.,2026-06-12
Market Street Wine,Charlottesville,VA,https://www.marketstwine.com/,wine,best_of_city_list,https://www.marketstwine.com/,"Charlottesville's oldest wine shop, curating small, natural and family producers.",2026-06-12
Planet Wine,Alexandria,VA,,wine,best_of_city_list,https://northernvirginiamag.com/food-and-drink/2019/09/30/local-wine-shops-are-the-storytellers-the-industry-needs/,Del Ray Alexandria wine shop profiled in Northern Virginia Magazine's local wine shop feature.,2026-06-12
UnWined,Alexandria,VA,,wine,best_of_city_list,https://northernvirginiamag.com/food-and-drink/2019/09/30/local-wine-shops-are-the-storytellers-the-industry-needs/,Independent Alexandria shop (Belle View) profiled in Northern Virginia Magazine's wine shop feature.,2026-06-12
Arrowine & Cheese,Arlington,VA,,wine,best_of_city_list,https://northernvirginiamag.com/food-and-drink/2019/09/30/local-wine-shops-are-the-storytellers-the-industry-needs/,Arlington fine wine and cheese institution profiled in Northern Virginia Magazine.,2026-06-12
Miracle Plum,Santa Rosa,CA,,wine,natural_wine_map,https://www.sonomamag.com/where-to-taste-natural-wines-in-sonoma-county/,"Downtown Santa Rosa shop carrying low-intervention wines since 2018, called one of Sonoma County's best natural wine stops.",2026-06-12
Little Saint,Healdsburg,CA,,wine,natural_wine_map,https://www.sonomamag.com/where-to-taste-natural-wines-in-sonoma-county/,Healdsburg bottle shop (within a vegan restaurant/cafe) whose 500+ bottle list is led by VinePair's 2023 Sommelier of the Year.,2026-06-12
Hudson Wine Merchants,Hudson,NY,https://hudsonwinemerchants.com/,wine,small_market_local_dominance,https://hudsonwinemerchants.com/,Fine wine fixture in historic Hudson NY since 2004.,2026-06-12
Bluebird Wine Shop,Stone Ridge,NY,,wine,natural_wine_map,https://mysa.wine/blogs/no-mog-blog/where-to-find-natural-wine-new-york-state,Route 209 Hudson Valley shop focused exclusively on natural wines and spirits.,2026-06-12
NOK Vino,Hooksett,NH,https://nokvino.com/,wine,natural_wine_map,https://nokvino.com/,New Hampshire natural wine shop serving the Manchester area.,2026-06-12
Sonoma Wine Bar + Bottle Shop,Houston,TX,https://www.sonomahouston.com/,wine,existing_club_transition,https://www.sonomahouston.com/wine-club,Houston bottle shop already running a $110/month 4-bottle wine club with cheese pairings and member tastings.,2026-06-12
Vinito,Dallas,TX,,wine,existing_club_transition,https://diningout.com/dallas/dallas-wine-clubs-to-join-now/,Bishop Arts wine shop with subscription wine club plans starting at $30/month.,2026-06-12
Savannah Wine Cellar,Savannah,GA,https://www.savannahwinecellar.com/,wine,natural_wine_map,https://www.savannahwinecellar.com/,"Savannah's only boutique wine shop specializing in sustainable, organic and low-intervention wines.",2026-06-12
Fermented Wine Boutique,Chattanooga,TN,,wine,natural_wine_map,https://www.yelp.com/search?find_desc=Natural+Wine&find_loc=Chattanooga,+TN,Boutique shop listed among Chattanooga's top natural wine options.,2026-06-12
Corks Wine & Spirits,Knoxville,TN,,wine,natural_wine_map,https://www.yelp.com/search?find_desc=Natural+Wine&find_loc=Knoxville%2C+TN,Listed among Knoxville's top natural wine retailers.,2026-06-12
Grand Vin Bottle Shop,Tulsa,OK,,wine,natural_wine_map,https://www.yelp.com/search?find_desc=Natural+Wine+Store&find_loc=Tulsa,+OK,Listed among the top natural wine stores in Tulsa.,2026-06-12
Ranch Acres Wine,Tulsa,OK,https://www.ranchacreswine.com/,wine,best_of_city_list,https://www.ranchacreswine.com/best-wine-store-tulsa,Long-running independent Tulsa wine store.,2026-06-12
Good Drop Wine Shoppe,Bend,OR,https://gooddropwineshoppe.com/,wine,small_market_local_dominance,https://gooddropwineshoppe.com/,Downtown Bend boutique wine shop and bar with PNW specialties and rare vintages.,2026-06-12
The Wine Shop and Tasting Bar,Bend,OR,https://thewineshopbend.com/,wine,small_market_local_dominance,https://thewineshopbend.com/,Locally owned Bend wine shop since 2006 selling global wines by bottle and glass.,2026-06-12
FERM & fare,Bend,OR,,wine,natural_wine_map,https://visitbend.com/journal/bend-wine-bars-and-wineries/,Bend shop focused on organic and responsibly farmed wines.,2026-06-12
Foret Wines,Queens,NY,https://www.foretwineshop.com/,wine,natural_wine_map,https://www.foretwineshop.com/,Ridgewood shop selling exclusively natural wines from winemakers the owners know and trust.,2026-06-12
Astoria Wine & Spirits,Queens,NY,https://www.astoriawines.com/,wine,best_of_city_list,https://www.astoriawines.com/,Curated Astoria shop with helpful shelf-tags and a strong organic wine bench.,2026-06-12
Ellen's Wines & Spirits,Queens,NY,https://ellenswinesspirits.com/,wine,natural_wine_map,https://ellenswinesspirits.com/,Queens shop celebrating women in wine with certified organic and biodynamic selections.,2026-06-12
Satellite SB,Santa Barbara,CA,https://satellitesb.com/,wine,existing_club_transition,https://satellitesb.com/,Santa Barbara natural wine shop that already operates its own wine club (plus vegetarian restaurant hybrid).,2026-06-12
Buvons,Long Beach,CA,https://www.buvonswine.com/,wine,natural_wine_map,https://www.buvonswine.com/,"Women-owned Long Beach bottle shop (bar/restaurant hybrid) with 700+ small-production bottles from Jura, Champagne and Burgundy.",2026-06-12
Funk and Fermentation,Buffalo,NY,https://funkandfermentation.com/,wine,natural_wine_map,https://funkandfermentation.com/,Elmwood Village natural wine shop focused on biodynamic and natural producers.,2026-06-12
Winkler & Samuels,Buffalo,NY,https://winklerandsamuels.com/,wine,best_of_city_list,https://winklerandsamuels.com/,Boutique downtown Buffalo shop with sommelier-selected wines.,2026-06-12
Ancona's Wines & Liquors,Wilton,CT,,wine,natural_wine_map,https://www.raisin.digital/en/north-america/countries/united-states/connecticut/wine-shops/,Wilton CT shop on Raisin's natural wine map with organic and biodynamic selections.,2026-06-12
West Side Wines & Spirits,West Hartford,CT,https://www.westsidewines.com/,wine,importer_street_cred,https://www.westsidewines.com/main.asp?request=PROMOGROUP&name=DZEV,West Hartford shop with a dedicated Zev Rovine Selections natural wine section.,2026-06-12
The Corkscrew,Memphis,TN,,wine,best_of_city_list,https://www.yelp.com/search?find_desc=Wine+Shops&find_loc=Memphis,+TN,"Named among Memphis's top wine shops, carrying organic wines.",2026-06-12
Natural Wines Naples,Naples,FL,,wine,natural_wine_map,https://www.rawwine.com/profile/naturalwinesnaples,Boutique Naples destination dedicated to natural and organic wines.,2026-06-12
Kimball's Artisan Wines,Jacksonville,FL,,wine,natural_wine_map,https://www.raisin.digital/en/explore/united-states/florida/jacksonville/,Jacksonville natural wine shop on Raisin's map.,2026-06-12
Small Wine Shop,Fort Lauderdale,FL,,wine,natural_wine_map,https://mysa.wine/blogs/no-mog-blog/where-to-find-natural-wine-florida,"Boutique natural-leaning wine shop in Flagler Village, Fort Lauderdale.",2026-06-12
Parcelle,New York,NY,,wine,best_of_city_list,https://www.decanter.com/wine-travel/best-wine-shops-in-new-york-city-525175/,"Sommelier Grant Reynolds's shop on Decanter's best NYC wine shops list, with daily drinkers through Fine & Rare.",2026-06-12
Somm Cellars,New York,NY,,wine,best_of_city_list,https://www.decanter.com/wine-travel/best-wine-shops-in-new-york-city-525175/,"Upper West Side shop from Batard/Tribeca Grill alums, on Decanter's best NYC wine shops list.",2026-06-12
Crush Wine & Spirits,New York,NY,,wine,best_of_city_list,https://www.decanter.com/wine-travel/best-wine-shops-in-new-york-city-525175/,"Midtown East fine-wine shop since 2005 focused on Champagne, Burgundy, Piedmont and Loire; Decanter best-NYC-shops pick.",2026-06-12
Perman Wine Selections,Chicago,IL,,wine,best_of_city_list,https://www.timeout.com/chicago/shopping/the-best-wine-shops-in-chicago,"Craig Perman's sleek, tightly curated shop called the Apple store of vino on Time Out's best Chicago wine shops list.",2026-06-12
Lush Wine and Spirits,Chicago,IL,https://lushwineandspirits.com/,wine,best_of_city_list,https://www.timeout.com/chicago/shopping/lush-wine-spirits-west-town,"Wine bar/bottle shop combo (West Town, Roscoe Village, Evanston) on Time Out's best Chicago wine shops list.",2026-06-12
Independent Spirits,Chicago,IL,,wine,best_of_city_list,https://www.timeout.com/chicago/shopping/the-best-wine-shops-in-chicago,"Owner-run Edgewater shop with an astonishing wine selection from $9 to the hundreds, on Time Out's best-of list.",2026-06-12
Vinic Wine Co,Evanston,IL,,wine,best_of_city_list,https://www.timeout.com/chicago/shopping/vinic-wine-co,Evanston shop featured in Time Out's best Chicago-area wine shops.,2026-06-12
Arlequin Wine Merchant,San Francisco,CA,https://www.arlequinwinemerchant.com/,wine,best_of_city_list,https://www.arlequinwinemerchant.com/,"Family-owned Hayes Valley shop for 20+ years with 3,500+ premium wines, widely considered SF's best wine store.",2026-06-12
Dedalus Wine Shop,Burlington,VT,,wine,existing_club_transition,https://www.wine-searcher.com/merchant/14987-dedalus-wine-shop,"Called one of the best indie wine shops in the country; runs a wine club and operates shop/market/wine bar locations in Burlington, Stowe and Boulder.",2026-06-12
Moore Brothers Wine Company,Wilmington,DE,https://moorebrothers.com/,wine,importer_street_cred,https://moorebrothers.com/,"Sommelier-founded shop (Wilmington and Pennsauken NJ) representing winegrowers committed to natural farming and small production, called one of the region's best wine sources.",2026-06-12
Bespoke The Wine Shop of Travelers Rest,Travelers Rest,SC,,wine,small_market_local_dominance,https://www.yelp.com/search?find_desc=Wine+Store&find_loc=Greenville%2C+SC,Boutique wine shop serving the Greenville SC area from Travelers Rest.,2026-06-12
Solo Vino Bottle Shop,Saint Paul,MN,https://www.solovinowines.com/,wine,best_of_city_list,https://www.solovinowines.com/,"Cathedral Hill independent with a 90%-import selection including natural and organic wines, plus weekly Friday tastings.",2026-06-12
Of Grape and Grain,Aspen,CO,,wine,small_market_local_dominance,https://www.aspentimes.com/news/wineink-best-place-to-buy-wine-is-locally/,Aspen independent praised in Aspen Times' WineInk for connoisseur-level curation.,2026-06-12
Mountain Village Wine Merchant,Telluride,CO,https://mountainvillagewinemerchant.com/,wine,small_market_local_dominance,https://mountainvillagewinemerchant.com/,Telluride sommelier Bryan Thames's shop with a personally selected inventory.,2026-06-12
Alpine Wine and Spirits,Vail,CO,https://www.alpinewinevail.com/,wine,small_market_local_dominance,https://www.alpinewinevail.com/,Vail Valley shop for 25+ years with sommeliers on staff.,2026-06-12
Mor Wine,Nantucket,MA,https://morwine.com/,wine,small_market_local_dominance,https://morwine.com/,Boutique downtown Nantucket bottle shop of grower Champagnes and small-producer wines.,2026-06-12
Epernay Wine & Spirits,Nantucket,MA,,wine,small_market_local_dominance,https://nantucket.net/wine-and-spirits/,Curated Nantucket wine shop featured in the island's wine and spirits guide.,2026-06-12
The Grapevine Fine Wine,Saratoga Springs,NY,https://grapevinefinewine.com/,wine,small_market_local_dominance,https://grapevinefinewine.com/shop,Curated independent fine wine shop in Saratoga Springs.,2026-06-12
The Austin Wine Merchant,Austin,TX,https://www.theaustinwinemerchant.com/,wine,best_of_city_list,https://www.texasmonthly.com/food/best-wine-shops-texas/,"Texas Monthly best-wine-shops pick; John Roenigk's shop has set Austin's standard for 28+ years.",2026-06-12
Neighborhood Vintner,Austin,TX,,wine,best_of_city_list,https://www.yelp.com/search?find_desc=Wine+Shops&find_loc=Austin%2C+TX,"Named among Austin's top-rated wine shops.",2026-06-12
Cape Bottle Room,Austin,TX,,wine,best_of_city_list,https://www.yelp.com/search?find_desc=Wine+Shops&find_loc=Austin%2C+TX,"Named among Austin's top-rated wine shops.",2026-06-12
Streetcar Wine & Beer,Boston,MA,,wine,existing_club_transition,https://www.bostonmagazine.com/best-of-boston-archive/2014/streetcar-wine-beer/,"Best of Boston-winning Jamaica Plain shop of conscientious small producers, with a monthly wine pass subscription.",2026-06-12
Bauer Wine & Spirits,Boston,MA,https://www.bauerwines.com/,wine,best_of_city_list,https://www.bauerwines.com/,"Newbury Street independent serving Boston for over 60 years.",2026-06-12
Bacco's Wine and Cheese,Boston,MA,,wine,best_of_city_list,https://www.modernluxury.com/best-wine-boston/,"Artisanal wine-and-cheese shop named in Boston best wine shop coverage.",2026-06-12
Susan's Fine Wine and Spirits,Santa Fe,NM,https://www.sfwineandspirits.com/,wine,small_market_local_dominance,https://www.sfwineandspirits.com/,"Santa Fe's premier independent wine destination with 1,000+ wines.",2026-06-12
Arroyo Vino,Santa Fe,NM,https://arroyovino.com/,wine,small_market_local_dominance,https://arroyovino.com/,"Santa Fe wine shop (with restaurant) housing a collection of nearly 1,000 wines.",2026-06-12
The Holly Natural Wine Bar + Bottle Shop,Fort Worth,TX,,wine,natural_wine_map,https://www.fortworth.com/listing/the-holly-natural-wine-bar-+-bottle-shop/9783/,"Fort Worth's first natural wine bar and retail bottle shop, featuring small-batch natural wines from around the world.",2026-06-12
Leon & Son Wine and Spirits,Brooklyn,NY,https://leonandsonwine.com/,wine,existing_club_transition,https://leonandsonwine.com/pages/leon-circle,"Clinton Hill shop named among the country's best by GQ and Wine & Spirits, focused on organic/biodynamic growers and already running the Leon Circle wine club.",2026-06-12
E & R Wine Shop,Portland,OR,https://www.erwineshop.com/,wine,importer_street_cred,https://portlandfoodanddrink.com/portland-guide-to-local-wine-shops/,"Arguably Portland's best selection, with direct European winery relationships and an annual Kermit Lynch import tasting.",2026-06-12
Great Wine Buys,Portland,OR,,wine,best_of_city_list,https://portlandfoodanddrink.com/portland-guide-to-local-wine-shops/,"NE Broadway shop with strong PNW/European selection and weekly Friday tastings.",2026-06-12
Pairings Portland,Portland,OR,,wine,best_of_city_list,https://portlandfoodanddrink.com/portland-guide-to-local-wine-shops/,"Food-pairing-focused wine shop in Portland's best-wine-shop guide.",2026-06-12
Schneider's of Capitol Hill,Washington,DC,,wine,best_of_city_list,https://www.decanter.com/wine-travel/washington-dc-for-wine-lovers-500803/,"Long-established family-run Capitol Hill store strong on California and French wines.",2026-06-12
Cork Wine Bar and Market,Washington,DC,https://www.corkdc.com/,wine,best_of_city_list,https://www.corkdc.com/,"Logan Circle wine bar and retail market since 2008 showcasing experimental and classic wines (explicit retail component).",2026-06-12
Cork & Fork,Washington,DC,,wine,best_of_city_list,https://www.yelp.com/search?find_desc=Wine+Store&find_loc=Washington%2C+DC,"Named among DC's top-rated independent wine stores.",2026-06-12
McCarthy & Schiering Wine Merchants,Seattle,WA,,wine,best_of_city_list,https://www.seattlemet.com/eat-and-drink/best-wine-shops-seattle,"Seattle merchant helping customers find the right bottle since 1975, on Seattle Met's best wine shops list.",2026-06-12
Esquin Wine Merchants,Seattle,WA,https://esquin.com/,wine,best_of_city_list,https://esquin.com/,"Washington State's oldest wine store, with global selection and temperature-controlled lockers.",2026-06-12
City Cellars Fine Wines,Seattle,WA,,wine,best_of_city_list,https://www.seattlemet.com/eat-and-drink/best-wine-shops-seattle,"Named among Seattle's best wine shops.",2026-06-12
VIN Wine Bar + Bottle Boutique,Carmel,CA,,wine,small_market_local_dominance,https://www.seemonterey.com/directory/vin-wine-bar-bottle-boutique/,"Carmel bottle boutique with 70+ small-production California and import wines (bar hybrid).",2026-06-12
Paso Robles Wine Merchant,Paso Robles,CA,https://www.pasorobleswinemerchant.com/,wine,small_market_local_dominance,https://www.pasorobleswinemerchant.com/,"Paso Robles shop (with bar) pouring local, sustainably farmed wines.",2026-06-12
